data,tipo,detalhes,longitude,latitude
2/24/2014,Colisoes,Moto,"-34,925,988","-8,029,113"
2/28/2014,Colisoes,Moto,"-34,903,339","-8,020,438"
3/1/2014,Ciclistas,Ciclista,"-34,949,516","-8,034,818"
3/1/2014,Atropelamentos,Pedestre,"-34,924,636","-8,011,427"
3/2/2014,Atropelamentos,Pedestre,"-34,941,486","-8,016,449"
3/3/2014,Atropelamentos,Pedestre,"-34,895,518","-8,115,814"
3/4/2014,Ciclistas,Ciclista,"-34,895,561","-8,115,803"
3/4/2014,Atropelamentos,Pedestre,"-34,932,779","-8,069,481"
3/4/2014,Atropelamentos,Pedestre,"-34,876,217","-8,061,715"
3/5/2014,Atropelamentos,Pedestre,"-34,886,355","-8,021,134"
3/6/2014,Atropelamentos,Pedestre,"-34,911,858","-8,095,959"
3/6/2014,Atropelamentos,Pedestre,"-34,879,929","-8,056,723"
3/7/2014,Atropelamentos,Pedestre,"-34,917,791","-8,026,011"
3/7/2014,Atropelamentos,Pedestre,"-34,878,695","-8,039,858"
3/7/2014,Atropelamentos,Pedestre,"-34,949,956","-8,034,456"
3/7/2014,Atropelamentos,Pedestre,"-3,489,908","-8,078,228"
3/9/2014,Ciclistas,Ciclista,"-34,882,665","-8,066,262"
3/10/2014,Atropelamentos,Pedestre,"-34,890,389","-8,019,902"
3/10/2014,Atropelamentos,Pedestre,"-34,918,655","-802,311"
3/10/2014,Atropelamentos,Pedestre,"-34,928,455","-8,097,728"
3/11/2014,Atropelamentos,Pedestre,"-34,932,878","-8,082,605"
3/12/2014,Atropelamentos,Pedestre,"-34,873,803","-8,049,945"
3/13/2014,Atropelamentos,Pedestre,"-34,879,913","-8,055,097"
3/14/2014,Atropelamentos,Pedestre,"-34,890,121","-8,108,453"
3/14/2014,Atropelamentos,Pedestre,"-34,899,992","-8,132,221"
3/15/2014,Atropelamentos,Pedestre,"-34,924,003","-804,236"
3/15/2014,Atropelamentos,Pedestre,"-34,937,929","-808,602"
3/16/2014,Ciclistas,Ciclista,"-34,881,871","-8,024,194"
3/16/2014,Atropelamentos,Pedestre,"-34,917,952","-800,336"
3/16/2014,Atropelamentos,Pedestre,"-34,931,467","-8,013,851"
3/16/2014,Atropelamentos,Acidente com animal,"-34,914,851","-8,013,846"
3/17/2014,Atropelamentos,Acidente com animal,"-3,490,026","-8,077,819"
3/18/2014,Atropelamentos,Pedestre,"-34,916,289","-8,062,416"
3/19/2014,Atropelamentos,Pedestre,"-34,926,068","-8,018,478"
3/20/2014,Atropelamentos,Pedestre,"-34,930,183","-8,016,332"
3/21/2014,Ciclistas,Ciclista,"-34,921,288","-8,106,403"
3/21/2014,Atropelamentos,Pedestre,"-3,488,017","-8,036,257"
3/22/2014,Ciclistas,Ciclista,"-34,891,752","-804,739"
3/22/2014,Atropelamentos,Pedestre,"-34,917,971","-8,037,943"
3/23/2014,Ciclistas,Ciclista,"-34,929,882","-8,088,378"
3/23/2014,Atropelamentos,Pedestre,"-3,492,584","-8,029,315"
3/23/2014,Atropelamentos,Pedestre,"-34,888,351","-8,020,715"
3/25/2014,Ciclistas,Ciclista,"-34,911,847","-8,108,846"
3/25/2014,Atropelamentos,Pedestre,"-34,908,669","-8,041,027"
3/26/2014,Atropelamentos,Pedestre,"-34,882,177","-8,059,925"
3/28/2014,Ciclistas,Ciclista,"-34,874,886","-8,044,623"
3/28/2014,Atropelamentos,Pedestre,"-34,915,473","-8,022,048"
3/28/2014,Atropelamentos,Pedestre,"-34,882,304","-8,043,935"
3/28/2014,Atropelamentos,Pedestre,"-34,907,518","-8,087,029"
3/28/2014,Atropelamentos,Pedestre,"-34,906,896","-8,080,268"
3/29/2014,Atropelamentos,Pedestre,"-34,933,739","-8,089,392"
3/30/2014,Atropelamentos,Pedestre,"-34,905,404","-8,061,264"
3/30/2014,Atropelamentos,Pedestre,"-34,893,707","-8,059,283"
3/30/2014,Atropelamentos,Pedestre,"-34,914,556","-8,139,169"
3/30/2014,Atropelamentos,Pedestre,"-34,907,244","-8,058,922"
3/31/2014,Atropelamentos,Pedestre,"-34,878,411","-8,064,084"
3/31/2014,Atropelamentos,Pedestre,"-34,876,195","-8,065,274"
4/1/2014,Atropelamentos,Pedestre,"-34,886,001","-8,096,546"
4/1/2014,Colisoes,Moto,"-349,007","-8,067,484"
4/1/2014,Colisoes,Moto,"-34,937,038","-8,110,567"
4/1/2014,Colisoes,Caminhão,"-34,908,248","-8,061,758"
4/1/2014,Colisoes,Moto,"-34,919,336","-8,037,431"
4/1/2014,Colisoes,Moto,"-34,892,364","-8,110,522"
4/1/2014,Colisoes,Moto,"-34,956,468","-8,090,661"
4/2/2014,Atropelamentos,Pedestre,"-34,910,265","-8,013,934"
4/2/2014,Colisoes,Taxi,"-34,895,673","-803,111"
4/2/2014,Colisoes,Onibus,"-34,909,444","-8,006,314"
4/2/2014,Colisoes,Taxi,"-34,939,989","-804,713"
4/2/2014,Colisoes,Moto,"-34,887,916","-8,043,712"
4/2/2014,Colisoes,Moto,"-34,923,193","-8,067,245"
4/2/2014,Colisoes,Moto,"-34,936,352","-8,109,961"
4/3/2014,Colisoes,Moto,"-3,488,627","-8,043,757"
4/3/2014,Colisoes,Moto,"-34,887,922","-8,062,007"
4/3/2014,Colisoes,Moto,"-34,908,907","-8,109,489"
4/4/2014,Atropelamentos,Pedestre,"-34,942,607","-811,866"
4/4/2014,Colisoes,Moto,"-34,897,535","-8,119,117"
4/4/2014,Colisoes,Moto,"-34,961,361","-8,034,881"
4/4/2014,Colisoes,Moto,"-34,893,833","-8,118,119"
4/4/2014,Colisoes,Moto,"-34,897,825","-8,026,388"
4/4/2014,Colisoes,Moto,"-34,911,665","-8,062,533"
4/5/2014,Colisoes,Moto,"-34,909,798","-8,119,839"
4/5/2014,Colisoes,Taxi,"-34,989,964","-8,036,135"
4/5/2014,Colisoes,Ciclomotor,"-34,888,834","-8,018,287"
4/5/2014,Colisoes,Moto,"-34,948,443","-813,327"
4/5/2014,Colisoes,Taxi,"-34,894,187","-8,072,752"
4/6/2014,Atropelamentos,Pedestre,"-34,910,785","-810,327"
4/6/2014,Atropelamentos,Pedestre,"-34,929,936","-8,074,165"
4/6/2014,Colisoes,Moto,"-34,893,512","-8,112,447"
4/6/2014,Colisoes,Moto,"-34,914,025","-8,001,203"
4/7/2014,Atropelamentos,Pedestre,"-34,897,229","-8,114,847"
4/7/2014,Colisoes,Moto,"-34,879,253","-8,039,694"
4/7/2014,Colisoes,Moto,"-34,902,599","-8,042,296"
4/7/2014,Colisoes,Moto,"-34,889,166","-8,060,048"
4/7/2014,Colisoes,Ciclomotor,"-34,928,316","-8,067,622"
4/7/2014,Colisoes,Ciclomotor,"-34,913,435","-8,116,886"
4/7/2014,Colisoes,Moto,"-34,938,511","-8,036,079"
4/7/2014,Colisoes,Moto,"-34,893,631","-806,309"
4/7/2014,Colisoes,Moto,"-3,488,134","-803,214"
4/7/2014,Colisoes,Moto,"-3,493,854","-8,040,809"
4/8/2014,Atropelamentos,Pedestre,"-34,911,429","-8,067,473"
4/8/2014,Atropelamentos,Pedestre,"-34,904,986","-8,031,423"
4/8/2014,Atropelamentos,Pedestre,"-34,893,678","-802,421"
4/8/2014,Colisoes,Moto,"-34,888,785","-806,128"
4/8/2014,Colisoes,Moto,"-34,910,066","-8,099,541"
4/8/2014,Colisoes,Moto,"-34,911,144","-8,141,129"
4/8/2014,Colisoes,Moto,"-3,489,342","-8,079,556"
4/8/2014,Colisoes,Moto,"-34,909,599","-8,086,083"
4/8/2014,Colisoes,Onibus,"-34,889,826","-8,105,723"
4/9/2014,Colisoes,Moto,"-34,943,985","-804,466"
4/9/2014,Colisoes,Moto,"-34,935,826","-8,020,736"
4/10/2014,Atropelamentos,Pedestre,"-34,908,854","-8,092,273"
4/10/2014,Atropelamentos,Pedestre,"-34,879,293","-8,038,711"
4/10/2014,Atropelamentos,Pedestre,"-34,880,902","-8,052,949"
4/10/2014,Colisoes,Taxi,"-34,935,172","-8,063,702"
4/10/2014,Colisoes,Moto,"-34,938,806","-8,008,895"
4/10/2014,Colisoes,Moto,"-34,896,427","-8,033,665"
4/11/2014,Ciclistas,Ciclista,"-34,887,428","-8,043,454"
4/11/2014,Atropelamentos,Pedestre,"-34,891,366","-808,534"
4/11/2014,Atropelamentos,Pedestre,"-34,915,063","-8,124,651"
4/11/2014,Colisoes,Moto,"-34,904,873","-8,049,945"
4/11/2014,Colisoes,Moto,"-34,931,417","-8,087,124"
4/11/2014,Colisoes,Moto,"-34,897,669","-806,367"
4/11/2014,Colisoes,Moto,"-34,886,664","-8,085,499"
4/11/2014,Colisoes,Moto,"-348,851","-8,088,965"
4/11/2014,Colisoes,Moto,"-34,917,855","-8,016,662"
4/11/2014,Colisoes,Moto,"-34,975,491","-8,036,645"
4/11/2014,Colisoes,Moto,"-34,924,196","-8,060,834"
4/11/2014,Colisoes,Moto,"-34,904,235","-8,039,582"
4/12/2014,Colisoes,Moto,"-34,912,984","-8,032,194"
4/12/2014,Colisoes,Moto,"-34,897,723","-8,069,831"
4/12/2014,Colisoes,Moto,"-34,913,537","-8,134,788"
4/12/2014,Colisoes,Moto,"-34,919,422","-805,668"
4/12/2014,Colisoes,Moto,"-34,927,812","-8,084,554"
4/12/2014,Colisoes,Moto,"-34,918,199","-8,109,855"
4/12/2014,Colisoes,Moto,"-3,489,952","-8,129,834"
4/13/2014,Atropelamentos,Pedestre,"-3,491,322","-8,010,106"
4/13/2014,Atropelamentos,Pedestre,"-34,920,245","-8,080,908"
4/13/2014,Colisoes,Moto,"-34,892,642","-8,056,701"
4/13/2014,Colisoes,Moto,"-34,883,968","-8,022,271"
4/13/2014,Colisoes,Moto,"-34,888,185","-810,421"
4/13/2014,Colisoes,Taxi,"-34,930,365","-8,140,826"
4/13/2014,Colisoes,Moto,"-34,892,567","-8,030,133"
4/13/2014,Colisoes,Moto,"-34,912,105","-8,053,962"
4/13/2014,Colisoes,Onibus,"-3,489,098","-8,086,923"
4/13/2014,Colisoes,Moto,"-34,905,775","-8,053,201"
4/14/2014,Atropelamentos,Pedestre,"-34,905,831","-8,080,491"
4/14/2014,Colisoes,Moto,"-3,490,402","-8,055,676"
4/14/2014,Colisoes,Moto,"-34,904,552","-800,021"
4/15/2014,Ciclistas,Ciclista,"-3,493,691","-812,515"
4/15/2014,Ciclistas,Ciclista,"-34,918,756","-8,047,109"
4/15/2014,Atropelamentos,Pedestre,"-34,882,659","-8,061,418"
4/15/2014,Atropelamentos,Pedestre,"-34,889,976","-8,045,266"
4/15/2014,Colisoes,Moto,"-34,956,983","-8,090,821"
4/15/2014,Colisoes,Onibus,"-34,918,832","-8,148,091"
4/15/2014,Colisoes,Ciclomotor,"-34,897,261","-8,062,438"
4/15/2014,Colisoes,Moto,"-34,916,916","-8,028,029"
4/15/2014,Colisoes,Moto,"-34,910,227","-8,004,986"
4/15/2014,Colisoes,Moto,"-34,895,571","-8,121,018"
4/16/2014,Atropelamentos,Pedestre,"-34,889,274","-8,039,303"
4/16/2014,Colisoes,Moto,"-34,881,664","-8,049,459"
4/17/2014,Atropelamentos,Pedestre,"-3,489,224","-8,039,619"
4/17/2014,Colisoes,Moto,"-34,914,647","-8,097,491"
4/17/2014,Colisoes,Moto,"-34,911,375","-810,686"
4/18/2014,Atropelamentos,Pedestre,"-34,931,427","-7,989,006"
4/18/2014,Colisoes,Moto,"-3,489,054","-8,112,808"
4/18/2014,Colisoes,Moto,"-34,942,102","-8,118,097"
4/18/2014,Colisoes,Ciclomotor,"-34,886,886","-8,006,797"
4/19/2014,Atropelamentos,Pedestre,"-34,899,799","-8,123,594"
4/19/2014,Colisoes,Moto,"-34,927,447","-8,054,237"
4/19/2014,Colisoes,Moto,"-34,948,846","-8,083,741"
4/19/2014,Colisoes,Moto,"-34,946,319","-8,092,828"
4/19/2014,Colisoes,Moto,"-34,900,357","-8,038,355"
4/19/2014,Colisoes,Moto,"-34,982,915","-8,069,725"
4/19/2014,Colisoes,Moto,"-34,900,399","-8,029,612"
4/19/2014,Colisoes,Moto,"-3,488,054","-8,054,566"
4/19/2014,Colisoes,Moto,"-34,910,216","-809,883"
4/20/2014,Colisoes,Moto,"-34,889,043","-8,009,315"
4/20/2014,Colisoes,Moto,"-34,884,945","-8,087,162"
4/21/2014,Atropelamentos,Pedestre,"-3,489,555","-8,115,739"
4/21/2014,Colisoes,Taxi,"-34,931,878","-7,986,642"
4/21/2014,Colisoes,Taxi,"-34,902,143","-8,031,105"
4/21/2014,Colisoes,Taxi,"-34,910,538","-8,135,473"
4/21/2014,Colisoes,Moto,"-34,897,666","-8,002,842"
4/21/2014,Colisoes,Taxi,"-34,929,786","-8,089,344"
4/21/2014,Colisoes,Moto,"-34,954,886","-803,163"
4/22/2014,Colisoes,Ônibus,"-34,897,036","-8,045,441"
4/22/2014,Colisoes,Ciclomotor,"-34,931,138","-8,022,499"
4/22/2014,Colisoes,Moto,"-34,904,197","-8,046,864"
4/22/2014,Colisoes,Moto,"-34,924,534","-8,115,336"
4/23/2014,Colisoes,Ciclomotor,"-34,905,185","-8,081,282"
4/24/2014,Colisoes,Moto,"-3,488,318","-8,095,856"
4/24/2014,Colisoes,Moto,"-34,907,641","-8,087,485"
4/24/2014,Colisoes,Moto,"-3,489,378","-8,023,918"
4/24/2014,Colisoes,Moto,"-34,911,268","-8,141,039"
4/24/2014,Colisoes,Moto,"-34,920,688","-80,809"
4/24/2014,Colisoes,Moto,"-34,915,044","-804,032"
4/24/2014,Colisoes,Ciclomotor,"-34,916,096","-807,561"
4/24/2014,Colisoes,Onibus,"-34,916,643","-8,021,564"
4/24/2014,Colisoes,Moto,"-34,908,521","-81,243"
4/25/2014,Ciclistas,Ciclista,"-34,914,701","-8,080,666"
4/25/2014,Ciclistas,Acidente com morte,"-34,889,553","-8,084,224"
4/25/2014,Colisoes,Moto,"-34,904,321","-8,080,374"
4/25/2014,Colisoes,Moto,"-34,943,111","-8,093,062"
4/25/2014,Colisoes,Taxi,"-34,943,208","-8,077,169"
4/25/2014,Colisoes,Moto,"-34,890,516","-8,036,942"
4/25/2014,Colisoes,Moto,"-34,906,767","-8,080,278"
4/26/2014,Colisoes,Moto,"-34,958,306","-8,029,761"
4/26/2014,Colisoes,Moto,"-34,912,244","-8,109,961"
4/26/2014,Colisoes,Moto,"-34,959,408","-8,115,251"
4/26/2014,Colisoes,Moto,"-34,914,063","-8,119,914"
4/26/2014,Colisoes,Taxi,"-34,935,772","-8,109,547"
4/26/2014,Colisoes,Ciclomotor,"-34,917,466","-8,109,271"
4/26/2014,Colisoes,Taxi,"-34,934,737","-8,052,272"
4/26/2014,Colisoes,Moto,"-3,489,363","-8,024,465"
4/27/2014,Colisoes,Moto,"-34,949,398","-808,407"
4/27/2014,Colisoes,Moto,"-34,880,508","-8,035,381"
4/27/2014,Colisoes,Taxi,"-34,910,613","-809,098"
4/27/2014,Colisoes,Ciclomotor,"-34,894,799","-8,069,693"
4/27/2014,Colisoes,Taxi,"-34,879,532","-8,039,816"
4/27/2014,Colisoes,Moto,"-34,935,783","-8,091,384"
4/27/2014,Colisoes,Moto,"-34,923,128","-8,073,836"
4/28/2014,Ciclistas,Ciclista,"-3,487,157","-8,063,261"
4/28/2014,Colisoes,Onibus,"-34,957,981","-8,040,618"
4/28/2014,Colisoes,Moto,"-34,930,344","-798,941"
4/28/2014,Colisoes,Moto,"-34,924,518","-810,755"
4/28/2014,Colisoes,Moto,"-34,908,864","-8,034,297"
4/28/2014,Colisoes,Moto,"-34,919,738","-8,032,502"
4/28/2014,Colisoes,Taxi,"-34,918,346","-8,027,102"
4/28/2014,Colisoes,Moto,"-34,895,947","-8,076,454"
4/28/2014,Colisoes,Moto,"-34,878,733","-8,039,885"
4/28/2014,Colisoes,Moto,"-34,905,742","-8,026,011"
4/28/2014,Colisoes,Moto,"-34,892,042","-8,071,552"
4/28/2014,Colisoes,Moto,"-34,883,856","-8,070,946"
4/28/2014,Colisoes,Moto,"-34,884,167","-8,022,207"
4/29/2014,Colisoes,Moto,"-34,880,186","-8,053,971"
4/29/2014,Colisoes,Moto,"-34,907,247","-8,058,916"
4/29/2014,Colisoes,Ciclomotor,"-3,490,457","-8,053,801"
4/29/2014,Colisoes,Taxi,"-34,885,218","-8,073,321"
4/29/2014,Colisoes,Moto,"-34,911,547","-802,413"
4/29/2014,Colisoes,Moto,"-34,880,401","-805,429"
4/30/2014,Colisoes,Moto,"-34,890,132","-8,033,166"
4/30/2014,Colisoes,Ciclomotor,"-34,913,124","-8,076,406"
4/30/2014,Colisoes,Moto,"-34,916,439","-8,133,647"
4/30/2014,Colisoes,Moto,"-34,876,335","-8,071,164"
4/30/2014,Colisoes,Moto,"-34,928,606","-8,084,787"
5/1/2014,Atropelamentos,Pedestre,"-34,891,436","-8,074,967"
5/1/2014,Colisoes,Ciclomotor,"-349,191","-8,065,168"
5/1/2014,Colisoes,Moto,"-34,940,536","-8,115,729"
5/1/2014,Colisoes,Moto,"-34,924,132","-7,998,749"
5/2/2014,Atropelamentos,Acidente com animal,"-34,925,666","-8,140,508"
5/2/2014,Colisoes,Moto,"-348,904","-8,036,894"
5/2/2014,Colisoes,Moto,"-3,492,669","-807,263"
5/2/2014,Colisoes,Táxi,"-34,895,968","-8,070,596"
5/2/2014,Colisoes,Caminhão,"-34,885,942","-8,095,617"
5/2/2014,Colisoes,Moto,"-34,901,376","-8,064,817"
5/2/2014,Colisoes,Moto,"-34,914,835","-8,013,379"
5/2/2014,Colisoes,Moto,"-34,940,976","-80,188"
5/2/2014,Colisoes,Moto,"-3,493,706","-8,041,627"
5/3/2014,Colisoes,Moto,"-34,889,681","-810,541"
5/3/2014,Colisoes,Moto,"-34,888,249","-804,432"
5/3/2014,Colisoes,Moto,"-34,918,692","-8,077,224"
5/3/2014,Colisoes,Táxi,"-34,962,852","-8,036,884"
5/3/2014,Colisoes,Moto,"-34,950,106","-8,034,329"
5/3/2014,Colisoes,Moto,"-34,904,755","-8,141,113"
5/3/2014,Colisoes,Ônibus,"-34,938,991","-8,092,627"
5/3/2014,Colisoes,Moto,"-34,901,204","-8,130,503"
5/4/2014,Ciclistas,Ciclista,"-34,910,817","-8,055,984"
5/4/2014,Colisoes,Táxi,"-34,886,795","-8,060,781"
5/4/2014,Colisoes,Moto,"-34,911,633","-8,025,809"
5/5/2014,Atropelamentos,Pedestre,"-34,937,924","-8,053,408"
5/5/2014,Colisoes,Moto,"-34,910,696","-80,477"
5/5/2014,Colisoes,Moto,"-34,875,441","-8,069,536"
5/5/2014,Colisoes,Moto,"-34,926,422","-8,112,048"
5/5/2014,Colisoes,Moto,"-34,893,101","-8,026,863"
5/5/2014,Colisoes,Moto,"-34,878,505","-8,071,826"
5/5/2014,Colisoes,Moto,"-34,912,249","-8,106,244"
5/6/2014,Atropelamentos,Pedestre,"-34,916,192","-8,131,475"
5/6/2014,Atropelamentos,Pedestre,"-34,914,024","-803,657"
5/6/2014,Colisoes,Moto,"-34,916,965","-8,037,914"
5/6/2014,Colisoes,Ciclomotor,"-3,491,299","-8,114,613"
5/6/2014,Colisoes,Moto,"-34,892,251","-8,078,329"
5/6/2014,Colisoes,Moto,"-34,907,368","-8,075,684"
5/6/2014,Colisoes,Moto,"-34,895,496","-8,066,586"
5/6/2014,Colisoes,Moto,"-34,914,266","-8,107,141"
5/6/2014,Colisoes,Moto,"-34,898,103","-8,056,569"
5/6/2014,Colisoes,Ciclomotor,"-34,901,011","-8,030,058"
5/6/2014,Colisoes,Moto,"-34,895,735","-8,065,193"
5/7/2014,Colisoes,Moto,"-34,905,831","-8,077,798"
5/7/2014,Colisoes,Moto,"-34,957,922","-8,029,872"
5/7/2014,Colisoes,Moto,"-34,888,064","-8,072,981"
5/7/2014,Colisoes,Moto,"-34,934,759","-805,174"
5/7/2014,Colisoes,Moto,"-34,897,143","-8,023,546"
5/7/2014,Colisoes,Moto,"-34,886,484","-80,214"
5/8/2014,Atropelamentos,Pedestre,"-3,493,059","-8,070,224"
5/8/2014,Colisoes,Moto,"-34,906,799","-8,035,821"
5/8/2014,Colisoes,Ciclomotor,"-34,919,913","-8,080,926"
5/9/2014,Ciclistas,Ciclista,"-34,951,367","-8,033,585"
5/9/2014,Atropelamentos,Pedestre,"-34,906,147","-8,080,231"
5/9/2014,Colisoes,Moto,"-34,885,175","-8,033,426"
5/9/2014,Colisoes,Ciclomotor,"-34,904,063","-8,027,153"
5/9/2014,Colisoes,Moto,"-34,918,166","-8,065,455"
5/9/2014,Colisoes,Moto,"-34,913,843","-8,058,274"
5/9/2014,Colisoes,Moto,"-34,932,125","-8,051,709"
5/9/2014,Colisoes,Moto,"-34,932,586","-8,088,261"
5/9/2014,Colisoes,Ônibus,"-34,892,948","-8,048,681"
5/9/2014,Colisoes,Moto,"-34,904,552","-802,685"
5/9/2014,Colisoes,Moto,"-3,491,016","-8,037,633"
5/9/2014,Colisoes,Moto,"-34,883,502","-8,038,716"
5/9/2014,Colisoes,Moto,"-34,908,768","-8,051,921"
5/10/2014,Atropelamentos,Pedestre,"-34,935,542","-8,064,113"
5/10/2014,Colisoes,Moto,"-349,261","-8,109,048"
5/10/2014,Colisoes,Moto,"-34,950,876","-8,016,415"
5/10/2014,Colisoes,Ciclomotor,"-34,892,165","-8,031,819"
5/10/2014,Colisoes,Moto,"-34,953,888","-8,084,288"
5/10/2014,Colisoes,Moto,"-34,896,516","-8,072,572"
5/10/2014,Colisoes,Moto,"-34,921,036","-8,081,006"
5/11/2014,Colisoes,Táxi,"-34,919,325","-8,001,235"
5/11/2014,Colisoes,Moto,"-34,923,531","-8,052,819"
5/11/2014,Colisoes,Moto,"-3,490,364","-8,026,266"
5/11/2014,Colisoes,Moto,"-34,906,386","-8,144,448"
5/11/2014,Colisoes,Moto,"-34,941,716","-8,117,354"
5/12/2014,Atropelamentos,Pedestre,"-34,956,629","-809,063"
5/12/2014,Colisoes,Moto,"-34,882,112","-8,059,997"
5/12/2014,Colisoes,Moto,"-34,908,761","-8,048,708"
5/12/2014,Colisoes,Moto,"-34,891,787","-8,033,444"
5/12/2014,Colisoes,Ciclomotor,"-34,908,999","-8,143,179"
5/12/2014,Colisoes,Moto,"-34,943,036","-8,077,086"
5/12/2014,Colisoes,Moto,"-34,913,003","-81,023"
5/13/2014,Colisoes,Moto,"-34,883,837","-8,066,481"
5/13/2014,Colisoes,Moto,"-34,928,949","-8,053,493"
5/13/2014,Colisoes,Moto,"-34,941,936","-8,117,773"
5/13/2014,Colisoes,Moto,"-34,949,076","-8,115,267"
5/13/2014,Colisoes,Ciclomotor,"-34,939,254","-8,059,028"
5/14/2014,Ciclistas,Ciclista,"-34,902,776","-8,132,754"
5/14/2014,Atropelamentos,Pedestre,"-34,899,445","-8,056,717"
5/14/2014,Atropelamentos,Pedestre,"-34,908,328","-806,947"
5/14/2014,Colisoes,Táxi,"-34,910,324","-8,062,321"
5/14/2014,Colisoes,Moto,"-34,917,458","-8,111,183"
5/14/2014,Colisoes,Moto,"-34,908,521","-8,068,896"
5/15/2014,Atropelamentos,Pedestre,"-3,488,558","-8,056,847"
5/15/2014,Colisoes,Moto,"-34,917,372","-8,037,909"
5/15/2014,Colisoes,Moto,"-3,488,421","-8,070,707"
5/15/2014,Colisoes,Táxi,"-34,912,695","-8,134,953"
5/15/2014,Colisoes,Moto,"-34,910,645","-8,033,256"
5/16/2014,Atropelamentos,Pedestre,"-34,908,795","-8,123,079"
5/16/2014,Atropelamentos,Pedestre,"-34,887,047","-8,006,967"
5/16/2014,Colisoes,Moto,"-34,883,743","-8,052,627"
5/16/2014,Colisoes,Moto,"-34,938,658","-809,252"
5/16/2014,Colisoes,Moto,"-34,898,785","-8,047,162"
5/16/2014,Colisoes,Moto,"-34,880,626","-8,046,418"
5/16/2014,Colisoes,Moto,"-34,899,262","-8,039,194"
5/16/2014,Colisoes,Moto,"-34,897,926","-8,058,879"
5/16/2014,Colisoes,Moto,"-34,935,848","-8,138,622"
5/16/2014,Colisoes,Moto,"-34,918,419","-8,121,586"
5/17/2014,Atropelamentos,Pedestre,"-34,906,298","-8,077,285"
5/17/2014,Atropelamentos,Pedestre,"-34,916,466","-8,062,409"
5/17/2014,Colisoes,Moto,"-34,884,076","-8,011,105"
5/17/2014,Colisoes,Moto,"-34,932,457","-8,021,591"
5/17/2014,Colisoes,Moto,"-34,911,139","-8,141,156"
5/17/2014,Colisoes,Ciclomotor,"-3,492,227","-8,113,408"
5/17/2014,Colisoes,Táxi,"-34,897,513","-8,123,928"
5/17/2014,Colisoes,Táxi,"-34,909,176","-8,143,078"
5/18/2014,Atropelamentos,Pedestre,"-34,903,798","-8,080,034"
5/18/2014,Colisoes,Moto,"-34,912,137","-8,109,972"
5/18/2014,Colisoes,Moto,"-34,876,815","-8,064,193"
5/18/2014,Colisoes,Moto,"-34,921,637","-8,020,837"
5/18/2014,Colisoes,Táxi,"-34,889,853","-8,008,003"
5/18/2014,Colisoes,Moto,"-34,896,124","-8,122,335"
5/18/2014,Colisoes,Táxi,"-349,163","-8,132,128"
5/18/2014,Colisoes,Moto,"-34,908,264","-8,152,158"
5/19/2014,Ciclistas,Ciclista,"-34,909,422","-8,028,831"
5/19/2014,Colisoes,Táxi,"-34,884,644","-8,032,873"
5/19/2014,Colisoes,Moto,"-34,917,802","-8,024,765"
5/19/2014,Colisoes,Moto,"-34,955,932","-8,113,206"
5/19/2014,Colisoes,Ciclomotor,"-34,913,424","-804,807"
5/19/2014,Colisoes,Moto,"-34,916,367","-8,075,543"
5/19/2014,Colisoes,Ônibus,"-3,489,422","-8,077,171"
5/19/2014,Colisoes,Moto,"-34,934,785","-8,090,396"
5/20/2014,Atropelamentos,Pedestre,"-34,895,732","-8,051,879"
5/20/2014,Colisoes,Moto,"-34,889,719","-8,074,409"
5/20/2014,Colisoes,Moto,"-34,903,886","-8,122,962"
5/20/2014,Colisoes,Moto,"-34,920,462","-8,140,996"
5/20/2014,Colisoes,Moto,"-34,887,729","-8,051,576"
5/20/2014,Colisoes,Moto,"-34,887,415","-8,039,917"
5/21/2014,Atropelamentos,Pedestre,"-3,492,823","-8,100,232"
5/21/2014,Colisoes,Moto,"-34,879,006","-8,022,335"
5/21/2014,Colisoes,Moto,"-34,878,899","-8,039,534"
5/21/2014,Colisoes,Ciclomotor,"-34,913,086","-8,120,036"
5/21/2014,Colisoes,Moto,"-34,943,822","-8,120,484"
5/21/2014,Colisoes,Moto,"-3,492,146","-803,418"
5/21/2014,Colisoes,Moto,"-34,948,797","-8,091,803"
5/21/2014,Colisoes,Ciclomotor,"-34,943,698","-8,122,627"
5/22/2014,Atropelamentos,Pedestre,"-34,921,975","-8,025,198"
5/22/2014,Colisoes,Ciclomotor,"-34,895,255","-8,056,234"
5/22/2014,Colisoes,Moto,"-34,901,376","-8,114,959"
5/22/2014,Colisoes,Moto,"-34,902,835","-8,133,036"
5/22/2014,Colisoes,Moto,"-34,925,789","-8,107,736"
5/22/2014,Colisoes,Moto,"-3,493,103","-8,062,119"
5/23/2014,Colisoes,Moto,"-34,875,157","-8,067,723"
5/23/2014,Colisoes,Moto,"-34,880,845","-8,034,581"
5/23/2014,Colisoes,Táxi,"-34,879,897","-8,051,624"
5/23/2014,Colisoes,Moto,"-34,894,343","-8,113,939"
5/23/2014,Colisoes,Moto,"-34,972,277","-8,037,511"
5/24/2014,Ciclistas,Ciclista,"-34,878,692","-8,060,454"
5/24/2014,Atropelamentos,Pedestre,"-34,919,068","-8,056,744"
5/24/2014,Atropelamentos,Pedestre,"-34,883,491","-8,088,638"
5/24/2014,Colisoes,Ônibus,"-34,939,291","-8,095,266"
5/24/2014,Colisoes,Moto,"-3,496,371","-8,090,436"
5/24/2014,Colisoes,Moto,"-34,897,964","-8,125,113"
5/24/2014,Colisoes,Moto,"-34,918,225","-8,072,463"
5/24/2014,Colisoes,Táxi,"-34,931,505","-8,056,614"
5/24/2014,Colisoes,Moto,"-34,909,074","-8,073,581"
5/24/2014,Colisoes,Táxi,"-3,488,554","-8,093,583"
5/24/2014,Colisoes,Moto,"-349,063","-8,025,663"
5/25/2014,Ciclistas,Ciclista,"-3,490,887","-804,049"
5/25/2014,Colisoes,Moto,"-34,955,803","-8,035,901"
5/25/2014,Colisoes,Moto,"-34,957,541","-8,030,186"
5/26/2014,Colisoes,Moto,"-34,900,979","-8,015,822"
5/26/2014,Colisoes,Moto,"-34,916,702","-810,857"
5/26/2014,Colisoes,Moto,"-3,488,878","-8,044,944"
5/27/2014,Atropelamentos,Pedestre,"-34,898,887","-805,667"
5/27/2014,Colisoes,Moto,"-3,490,939","-8,071,478"
5/28/2014,Colisoes,Moto,"-34,914,025","-8,080,709"
5/28/2014,Colisoes,Moto,"-34,916,975","-8,080,793"
5/28/2014,Colisoes,Ciclomotor,"-34,910,447","-8,028,496"
5/29/2014,Colisoes,Moto,"-34,930,596","-808,629"
5/29/2014,Colisoes,Moto,"-34,878,706","-803,989"
5/29/2014,Colisoes,Ônibus,"-34,926,932","-8,047,109"
5/30/2014,Colisoes,Ciclomotor,"-34,893,984","-8,026,308"
5/30/2014,Colisoes,Táxi,"-34,914,465","-8,025,888"
5/30/2014,Colisoes,Moto,"-3,491,697","-8,075,397"
5/30/2014,Colisoes,Moto,"-34,931,309","-8,086,997"
5/31/2014,Ciclistas,Ciclista,"-34,916,715","-8,029,394"
5/31/2014,Colisoes,Moto,"-34,891,999","-8,038,581"
5/31/2014,Colisoes,Moto,"-34,959,483","-8,082,334"
5/31/2014,Colisoes,Moto,"-3,489,309","-8,027,121"
5/31/2014,Colisoes,Moto,"-34,923,627","-8,082,297"
5/31/2014,Colisoes,Moto,"-34,940,059","-805,276"
6/1/2014,Colisoes,Moto,"-34,894,059","-8,004,385"
6/1/2014,Colisoes,Moto,"-34,912,362","-8,047,916"
6/1/2014,Colisoes,Moto,"-34,894,123","-8,037,829"
6/2/2014,Atropelamentos,Pedestre,"-34,888,802","-8,085"
6/2/2014,Atropelamentos,Pedestre,"-34,886,023","-8,095,702"
6/2/2014,Colisoes,Moto,"-34,959,317","-8,045,574"
6/2/2014,Colisoes,Moto,"-34,909,723","-8,062,172"
6/2/2014,Colisoes,Moto,"-34,913,215","-8,021,979"
6/2/2014,Colisoes,Táxi,"-34,885,969","-8,030,823"
6/3/2014,Colisoes,Moto,"-34,910,576","-8,024,497"
6/3/2014,Colisoes,Moto,"-34,895,958","-8,054,396"
6/3/2014,Colisoes,Moto,"-3,489,651","-8,033,585"
6/3/2014,Colisoes,Moto,"-34,935,257","-810,909"
6/3/2014,Colisoes,Moto,"-34,906,075","-8,057,796"
6/3/2014,Colisoes,Moto,"-34,908,972","-8,081,256"
6/3/2014,Colisoes,Moto,"-34,891,226","-8,019,572"
6/4/2014,Atropelamentos,Pedestre,"-34,907,057","-8,077,527"
6/4/2014,Atropelamentos,Pedestre,"-34,910,211","-8,088,819"
6/4/2014,Colisoes,Moto,"-34,890,229","-804,457"
6/4/2014,Colisoes,Moto,"-34,911,531","-8,106,727"
6/4/2014,Colisoes,Moto,"-34,892,047","-8,071,563"
6/4/2014,Colisoes,Moto,"-34,929,518","-8,061,503"
6/4/2014,Colisoes,Moto,"-34,877,633","-8,027,094"
6/4/2014,Colisoes,Moto,"-34,896,108","-8,045,653"
6/4/2014,Colisoes,Caminhão,"-34,893,168","-807,578"
6/5/2014,Colisoes,Moto,"-3,488,517","-8,033,431"
6/5/2014,Colisoes,Moto,"-34,894,204","-802,174"
6/5/2014,Colisoes,Moto,"-34,904,712","-8,008,545"
6/5/2014,Colisoes,Moto,"-3,492,381","-8,140,561"
6/5/2014,Colisoes,Moto,"-34,887,176","-8,099,934"
6/6/2014,Colisoes,Moto,"-34,914,604","-8,075,992"
6/6/2014,Colisoes,Moto,"-34,905,131","-8,141,007"
6/6/2014,Colisoes,Moto,"-34,950,374","-8,034,318"
6/6/2014,Colisoes,Ciclomotor,"-34,891,478","-8,034,972"
6/6/2014,Colisoes,Moto,"-34,923,424","-8,054,518"
6/6/2014,Colisoes,Moto,"-34,872,735","-8,060,034"
6/7/2014,Ciclistas,Ciclista,"-34,932,532","-806,264"
6/7/2014,Ciclistas,Ciclista,"-34,887,428","-8,016,954"
6/7/2014,Colisoes,Moto,"-3,488,628","-8,030,366"
6/7/2014,Colisoes,Táxi,"-34,893,825","-8,051,833"
6/7/2014,Colisoes,Ciclomotor,"-34,925,065","-81,149"
6/7/2014,Colisoes,Moto,"-34,920,017","-8,014,505"
6/7/2014,Colisoes,Moto,"-3,490,335","-8,008,056"
6/7/2014,Colisoes,Moto,"-34,906,906","-803,252"
6/7/2014,Colisoes,Moto,"-34,909,079","-8,102,802"
6/7/2014,Colisoes,Moto,"-34,911,697","-8,062,624"
6/7/2014,Colisoes,Moto,"-3,489,776","-8,056,595"
6/8/2014,Colisoes,Moto,"-34,919,937","-8,080,905"
6/8/2014,Colisoes,Acidente com morte,"-34,940,702","-8,017,905"
6/9/2014,Colisoes,Moto,"-34,917,313","-8,109,093"
6/9/2014,Colisoes,Moto,"-34,935,654","-8,048,787"
6/9/2014,Colisoes,Ciclomotor,"-34,893,898","-8,023,185"
6/9/2014,Colisoes,Caminhão,"-34,882,898","-8,051,281"
6/9/2014,Colisoes,Moto,"-3,490,158","-8,030,743"
6/9/2014,Colisoes,Moto,"-34,931,572","-8,085,977"
6/10/2014,Atropelamentos,Pedestre,"-34,949,613","-8,126,977"
6/10/2014,Colisoes,Moto,"-34,882,901","-8,057,835"
6/10/2014,Colisoes,Moto,"-34,893,815","-8,051,464"
6/10/2014,Colisoes,Moto,"-3,489,025","-8,083,343"
6/10/2014,Colisoes,Moto,"-34,912,115","-8,110,301"
6/10/2014,Colisoes,Moto,"-34,910,423","-8,053,764"
6/10/2014,Colisoes,Moto,"-34,975,601","-803,661"
6/10/2014,Colisoes,Moto,"-34,879,231","-8,035,014"
6/10/2014,Colisoes,Moto,"-34,883,834","-8,092,297"
6/11/2014,Ciclistas,Ciclista,"-3,493,026","-8,016,271"
6/11/2014,Atropelamentos,Pedestre,"-34,894,563","-8,019,631"
6/11/2014,Colisoes,Moto,"-34,872,723","-8,065,319"
6/11/2014,Colisoes,Moto,"-34,909,626","-8,086,354"
6/11/2014,Colisoes,Moto,"-34,953,116","-811,293"
6/11/2014,Colisoes,Moto,"-34,895,153","-806,214"
6/11/2014,Colisoes,Moto,"-34,908,087","-8,065,518"
6/11/2014,Colisoes,Moto,"-34,884,558","-8,032,993"
6/11/2014,Colisoes,Moto,"-34,931,883","-8,087,565"
6/11/2014,Colisoes,Moto,"-34,910,034","-8,099,467"
6/11/2014,Colisoes,Moto,"-34,959,295","-8,032,236"
6/12/2014,Colisoes,Moto,"-34,907,306","-8,032,504"
6/12/2014,Colisoes,Moto,"-3,490,593","-802,506"
6/12/2014,Colisoes,Moto,"-34,899,761","-8,054,648"
6/12/2014,Colisoes,Táxi,"-34,935,818","-8,020,731"
6/13/2014,Atropelamentos,Pedestre,"-34,895,523","-8,115,761"
6/13/2014,Colisoes,Moto,"-34,911,807","-8,034,884"
6/13/2014,Colisoes,Moto,"-34,881,307","-8,032,353"
6/13/2014,Colisoes,Moto,"-34,904,707","-8,053,063"
6/13/2014,Colisoes,Ciclomotor,"-3,490,586","-8,122,972"
6/13/2014,Colisoes,Moto,"-34,890,558","-8,109,385"
6/13/2014,Colisoes,Moto,"-34,909,497","-8,056,861"
6/13/2014,Colisoes,Moto,"-34,907,894","-8,088,033"
6/13/2014,Colisoes,Táxi,"-34,894,544","-8,111,953"
6/14/2014,Atropelamentos,Pedestre,"-34,910,173","-809,867"
6/14/2014,Colisoes,Ciclomotor,"-34,883,732","-8,052,601"
6/14/2014,Colisoes,Moto,"-34,877,646","-8,048,503"
6/14/2014,Colisoes,Ciclomotor,"-34,935,107","-8,045,175"
6/14/2014,Colisoes,Moto,"-34,907,714","-8,062,778"
6/14/2014,Colisoes,Ônibus,"-34,917,517","-8,133,365"
6/15/2014,Atropelamentos,Pedestre,"-34,897,234","-8,003,793"
6/15/2014,Colisoes,Moto,"-34,930,574","-806,359"
6/15/2014,Colisoes,Moto,"-34,890,676","-8,111,435"
6/15/2014,Colisoes,Moto,"-34,943,025","-8,093,012"
6/15/2014,Colisoes,Moto,"-34,920,259","-8,002,011"
6/15/2014,Colisoes,Moto,"-34,909,852","-812,173"
6/15/2014,Colisoes,Ônibus,"-3,490,482","-8,061,174"
6/15/2014,Colisoes,Moto,"-34,902,658","-8,079,513"
6/15/2014,Colisoes,Moto,"-34,909,675","-808,031"
6/16/2014,Atropelamentos,Pedestre,"-34,891,666","-8,022,855"
6/16/2014,Colisoes,Moto,"-34,914,991","-8,134,454"
6/16/2014,Colisoes,Moto,"-34,914,588","-8,014,707"
6/16/2014,Colisoes,Moto,"-34,919,583","-8,046,652"
6/17/2014,Atropelamentos,Pedestre,"-34,884,746","-8,025,554"
6/17/2014,Colisoes,Moto,"-34,912,357","-804,841"
6/17/2014,Colisoes,Moto,"-34,918,746","-8,047,592"
6/17/2014,Colisoes,Moto,"-34,907,003","-8,025,479"
6/18/2014,Atropelamentos,Pedestre,"-34,893,807","-8,041,457"
6/18/2014,Atropelamentos,Carroça,"-34,910,989","-8,105,054"
6/18/2014,Atropelamentos,Pedestre,"-34,921,374","-8,050,391"
6/18/2014,Colisoes,Táxi,"-34,901,381","-8,061,885"
6/18/2014,Colisoes,Moto,"-34,930,054","-8,085,738"
6/18/2014,Colisoes,Moto,"-34,909,197","-8,150,512"
6/18/2014,Colisoes,Moto,"-34,898,216","-8,056,765"
6/18/2014,Colisoes,Moto,"-34,924,893","-8,029,227"
6/19/2014,Colisoes,Ônibus,"-34,893,764","-8,023,764"
6/20/2014,Colisoes,Moto,"-34,913,537","-8,116,839"
6/20/2014,Colisoes,Moto,"-34,911,018","-80,243"
6/20/2014,Colisoes,Moto,"-34,908,822","-805,975"
6/20/2014,Colisoes,Moto,"-34,916,487","-8,062,411"
6/20/2014,Colisoes,Moto,"-34,930,859","-8,057,657"
6/20/2014,Colisoes,Ciclomotor,"-34,912,169","-8,064,435"
6/20/2014,Colisoes,Táxi,"-34,916,385","-8,075,546"
6/21/2014,Ciclistas,Ciclista,"-34,927,189","-8,106,775"
6/21/2014,Atropelamentos,Pedestre,"-34,887,085","-8,059,203"
6/21/2014,Atropelamentos,Pedestre,"-34,901,429","-8,114,911"
6/21/2014,Colisoes,Moto,"-34,894,638","-8,112,972"
6/21/2014,Colisoes,Moto,"-3,489,349","-8,048,899"
6/21/2014,Colisoes,Moto,"-34,945,487","-8,042,774"
6/21/2014,Colisoes,Táxi,"-34,876,549","-8,061,646"
6/21/2014,Colisoes,Ônibus,"-34,907,266","-8,000,661"
6/21/2014,Colisoes,Ciclomotor,"-34,908,902","-8,082,137"
6/21/2014,Colisoes,Ciclomotor,"-3,491,778","-80,266"
6/21/2014,Colisoes,Ciclomotor,"-34,929,281","-8,072,582"
6/21/2014,Colisoes,Táxi,"-34,964,671","-8,091,118"
6/22/2014,Colisoes,Moto,"-3,487,682","-8,064,206"
6/22/2014,Colisoes,Ciclomotor,"-34,889,389","-8,066,273"
6/22/2014,Colisoes,Moto,"-34,882,249","-8,044,039"
6/22/2014,Colisoes,Moto,"-34,897,715","-8,056,677"
6/22/2014,Colisoes,Moto,"-34,908,537","-8,034,499"
6/22/2014,Colisoes,Moto,"-34,896,513","-8,053,315"
6/22/2014,Colisoes,Moto,"-34,895,915","-8,007,716"
6/23/2014,Colisoes,Ciclomotor,"-34,896,441","-8,073,188"
6/23/2014,Colisoes,Moto,"-34,876,992","-8,047,587"
6/24/2014,Atropelamentos,Pedestre,"-3,490,453","-802,681"
6/24/2014,Colisoes,Táxi,"-34,907,228","-8,058,945"
6/24/2014,Colisoes,Moto,"-34,972,497","-8,037,431"
6/24/2014,Colisoes,Moto,"-34,936,953","-8,137,056"
6/24/2014,Colisoes,Moto,"-34,937,044","-8,041,728"
6/24/2014,Colisoes,Táxi,"-3,489,975","-8,004,083"
6/24/2014,Colisoes,Moto,"-3,487,538","-8,069,783"
6/24/2014,Colisoes,Ciclomotor,"-34,898,645","-8,045,101"
6/24/2014,Colisoes,Ônibus,"-34,879,054","-8,057,089"
6/25/2014,Colisoes,Moto,"-34,906,284","-8,110,402"
6/25/2014,Colisoes,Moto,"-3,490,705","-813,212"
6/25/2014,Colisoes,Moto,"-34,885,771","-809,495"
6/25/2014,Colisoes,Táxi,"-34,884,682","-8,042,238"
6/25/2014,Colisoes,Moto,"-34,882,748","-8,020,934"
6/25/2014,Colisoes,Moto,"-34,921,541","-8,107,439"
6/25/2014,Colisoes,Táxi,"-34,893,871","-8,044,681"
6/27/2014,Atropelamentos,Pedestre,"-34,881,773","-8,066,982"
6/27/2014,Colisoes,Ônibus,"-34,917,812","-814,252"
6/27/2014,Colisoes,Moto,"-34,893,721","-8,024,066"
6/27/2014,Colisoes,Moto,"-34,918,767","-804,713"
6/27/2014,Colisoes,Moto,"-34,880,573","-8,054,518"
6/28/2014,Colisoes,Táxi,"-34,936,175","-8,121,687"
6/28/2014,Colisoes,Ciclomotor,"-34,892,487","-8,030,125"
6/28/2014,Colisoes,Moto,"-34,924,282","-8,055,374"
6/28/2014,Colisoes,Moto,"-34,909,489","-804,117"
6/28/2014,Colisoes,Moto,"-34,897,315","-8,003,519"
6/28/2014,Colisoes,Táxi,"-34,912,818","-8,113,971"
6/28/2014,Colisoes,Ciclomotor,"-34,921,916","-8,113,105"
6/28/2014,Colisoes,Moto,"-34,884,687","-8,032,794"
6/29/2014,Colisoes,Táxi,"-34,913,853","-8,119,595"
6/29/2014,Colisoes,Táxi,"-34,926,744","-8,019,997"
6/29/2014,Colisoes,Moto,"-34,926,417","-806,265"
6/29/2014,Colisoes,Moto,"-3,491,079","-8,058"
6/29/2014,Colisoes,Moto,"-34,893,115","-8,027,025"
6/30/2014,Atropelamentos,Pedestre,"-34,928,152","-8,099,988"
6/30/2014,Atropelamentos,Pedestre,"-34,959,539","-8,048,256"
6/30/2014,Atropelamentos,Pedestre,"-34,891,277","-8,046,347"
6/30/2014,Atropelamentos,Pedestre,"-34,901,558","-8,079,099"
6/30/2014,Colisoes,Moto,"-34,889,966","-8,066,963"
6/30/2014,Colisoes,Moto,"-3,488,874","-8,052,317"
6/30/2014,Colisoes,Moto,"-34,920,626","-8,009,732"
6/30/2014,Colisoes,Moto,"-34,911,002","-8,104,929"
6/30/2014,Colisoes,Moto,"-34,909,106","-8,087,772"
7/1/2014,Atropelamentos,Pedestre,"-34,895,754","-8,020,598"
7/1/2014,Colisoes,Táxi,"-34,882,167","-8,090,067"
7/1/2014,Colisoes,Moto,"-34,897,473","-8,043,287"
7/2/2014,Ciclistas,Ciclista,"-34,905,254","-8,060,619"
7/2/2014,Atropelamentos,Pedestre,"-34,912,663","-8,066,862"
7/2/2014,Atropelamentos,Pedestre,"-34,877,716","-8,047,034"
7/2/2014,Colisoes,Ciclomotor,"-34,942,537","-8,092,844"
7/2/2014,Colisoes,Moto,"-34,919,143","-8,051,606"
7/2/2014,Colisoes,Moto,"-34,887,847","-8,103,445"
7/3/2014,Colisoes,Moto,"-34,910,391","-8,062,241"
7/3/2014,Colisoes,Moto,"-34,943,814","-8,123,026"
7/3/2014,Colisoes,Moto,"-34,897,929","-8,125,123"
7/3/2014,Colisoes,Moto,"-3,489,412","-8,019,296"
7/4/2014,Ciclistas,Ciclista,"-34,922,544","-8,140,062"
7/4/2014,Colisoes,Moto,"-3,488,234","-8,068,843"
7/4/2014,Colisoes,Moto,"-34,883,735","-8,052,625"
7/4/2014,Colisoes,Moto,"-34,895,158","-8,117,014"
7/4/2014,Colisoes,Moto,"-34,906,527","-8,049,324"
7/4/2014,Colisoes,Táxi,"-34,883,684","-8,052,542"
7/5/2014,Atropelamentos,Acidente com morte,"-34,900,716","-8,126,191"
7/5/2014,Colisoes,Moto,"-34,896,591","-8,053,252"
7/5/2014,Colisoes,Moto,"-34,947,156","-8,092,425"
7/5/2014,Colisoes,Moto,"-34,888,823","-8,020,547"
7/5/2014,Colisoes,Moto,"-34,885,862","-8,099,074"
7/5/2014,Colisoes,Moto,"-34,927,334","-8,071,573"
7/5/2014,Colisoes,Moto,"-34,924,856","-8,020,396"
7/5/2014,Colisoes,Ciclomotor,"-34,878,438","-8,063,768"
7/5/2014,Colisoes,Táxi,"-34,915,667","-8,037,734"
7/6/2014,Ciclistas,Ciclista,"-34,890,711","-8,038,599"
7/6/2014,Colisoes,Táxi,"-34,949,902","-803,435"
7/6/2014,Colisoes,Ciclomotor,"-34,958,013","-8,03"
7/6/2014,Colisoes,Moto,"-34,890,918","-8,006,911"
7/7/2014,Colisoes,Moto,"-34,928,187","-8,100,513"
7/7/2014,Colisoes,Moto,"-34,908,934","-8,062,045"
7/7/2014,Colisoes,Moto,"-34,902,062","-800,242"
7/7/2014,Colisoes,Moto,"-3,491,137","-8,106,876"
7/7/2014,Colisoes,Moto,"-34,920,189","-8,002,021"
7/7/2014,Colisoes,Táxi,"-34,911,772","-8,108,926"
7/8/2014,Ciclistas,Ciclista,"-34,907,282","-8,085,313"
7/8/2014,Atropelamentos,Pedestre,"-34,911,493","-8,107,609"
7/8/2014,Colisoes,Moto,"-34,874,082","-8,049,722"
7/8/2014,Colisoes,Moto,"-34,906,109","-8,131,983"
7/8/2014,Colisoes,Táxi,"-34,941,067","-8,038,897"
7/8/2014,Colisoes,Moto,"-34,897,028","-8,056,417"
7/8/2014,Colisoes,Moto,"-34,889,858","-8,027,652"
7/8/2014,Colisoes,Moto,"-34,912,676","-8,035,521"
7/9/2014,Atropelamentos,Pedestre,"-34,887,729","-8,058,766"
7/9/2014,Colisoes,Moto,"-34,918,098","-8,037,942"
7/9/2014,Colisoes,Moto,"-34,927,544","-8,066,346"
7/9/2014,Colisoes,Ciclomotor,"-34,929,911","-8,088,465"
7/9/2014,Colisoes,Moto,"-34,911,205","-8,105,086"
7/9/2014,Colisoes,Moto,"-34,907,047","-8,046,011"
7/9/2014,Colisoes,Moto,"-34,917,666","-8,140,369"
7/10/2014,Ciclistas,Ciclista,"-34,930,022","-8,087,905"
7/10/2014,Colisoes,Moto,"-3,490,954","-8,046,333"
7/10/2014,Colisoes,Moto,"-34,895,335","-8,056,015"
7/10/2014,Colisoes,Moto,"-34,884,167","-8,040,097"
7/10/2014,Colisoes,Moto,"-34,881,334","-8,032,162"
7/10/2014,Colisoes,Moto,"-34,962,895","-8,081,813"
7/10/2014,Colisoes,Táxi,"-34,909,744","-8,040,243"
7/10/2014,Colisoes,Moto,"-3,489,216","-811,532"
7/10/2014,Colisoes,Moto,"-34,887,903","-8,028,608"
7/11/2014,Colisoes,Moto,"-34,915,388","-8,022,175"
7/11/2014,Colisoes,Moto,"-34,922,866","-800,081"
7/11/2014,Colisoes,Ciclomotor,"-34,910,672","-809,098"
7/11/2014,Colisoes,Moto,"-34,892,557","-8,042,318"
7/11/2014,Colisoes,Moto,"-34,928,777","-8,096,132"
7/11/2014,Colisoes,Moto,"-34,897,782","-8,054,757"
7/11/2014,Colisoes,Moto,"-34,875,149","-803,822"
7/11/2014,Colisoes,Moto,"-34,928,225","-8,100,264"
7/12/2014,Atropelamentos,Pedestre,"-34,880,503","-8,032,241"
7/12/2014,Atropelamentos,Pedestre,"-34,886,144","-8,044,825"
7/12/2014,Colisoes,Moto,"-34,925,462","-8,113,854"
7/12/2014,Colisoes,Moto,"-34,893,503","-8,005,007"
7/12/2014,Colisoes,Moto,"-34,894,606","-8,058,003"
7/12/2014,Colisoes,Ciclomotor,"-34,926,975","-806,452"
7/13/2014,Atropelamentos,Acidente com animal,"-3,491,652","-8,062,416"
7/13/2014,Colisoes,Moto,"-34,889,601","-8,105,463"
7/13/2014,Colisoes,Táxi,"-34,886,511","-8,021,432"
7/13/2014,Colisoes,Moto,"-34,897,224","-8,003,796"
7/13/2014,Colisoes,Moto,"-34,935,397","-8,002,824"
7/13/2014,Colisoes,Táxi,"-34,923,311","-8,049,122"
7/13/2014,Colisoes,Moto,"-34,890,416","-8,112,611"
7/14/2014,Atropelamentos,Pedestre,"-3,488,403","-8,060,786"
7/14/2014,Atropelamentos,Pedestre,"-34,900,032","-8,057,033"
7/14/2014,Colisoes,Moto,"-34,916,359","-8,080,767"
7/14/2014,Colisoes,Moto,"-34,892,551","-8,029,771"
7/14/2014,Colisoes,Moto,"-34,893,898","-8,023,179"
7/14/2014,Colisoes,Moto,"-3,490,151","-8,031,306"
7/14/2014,Colisoes,Moto,"-34,897,379","-8,069,666"
7/14/2014,Colisoes,Moto,"-34,901,193","-8,121,358"
7/14/2014,Colisoes,Moto,"-34,878,982","-8,050,373"
7/15/2014,Atropelamentos,Pedestre,"-3,488,164","-8,062,022"
7/15/2014,Colisoes,Moto,"-34,918,893","-8,148,906"
7/15/2014,Colisoes,Moto,"-34,929,839","-8,045,536"
7/15/2014,Colisoes,Moto,"-34,889,995","-8,045,425"
7/15/2014,Colisoes,Moto,"-34,897,524","-8,123,928"
7/15/2014,Colisoes,Ciclomotor,"-34,931,492","-8,107,816"
7/16/2014,Atropelamentos,Pedestre,"-34,908,926","-8,040,424"
7/16/2014,Colisoes,Moto,"-3,494,211","-8,016,072"
7/16/2014,Colisoes,Moto,"-34,946,405","-809,268"
7/17/2014,Atropelamentos,Pedestre,"-34,910,624","-813,277"
7/17/2014,Atropelamentos,Pedestre,"-34,889,483","-8,013,049"
7/17/2014,Atropelamentos,Pedestre,"-34,907,121","-8,057,939"
7/17/2014,Atropelamentos,Pedestre,"-34,892,659","-8,112,925"
7/17/2014,Colisoes,Moto,"-34,906,391","-8,059,644"
7/17/2014,Colisoes,Moto,"-34,907,947","-8,089,039"
7/17/2014,Colisoes,Moto,"-34,893,343","-8,072,399"
7/17/2014,Colisoes,Moto,"-34,906,751","-8,053,329"
7/17/2014,Colisoes,Táxi,"-34,940,772","-8,018,151"
7/17/2014,Colisoes,Ônibus,"-34,926,685","-80,473"
7/17/2014,Colisoes,Moto,"-34,922,013","-8,033,856"
7/18/2014,Atropelamentos,Pedestre,"-34,897,739","-8,062,432"
7/18/2014,Atropelamentos,Pedestre,"-34,909,409","-8,085,385"
7/18/2014,Colisoes,Moto,"-34,936,057","-8,091,708"
7/18/2014,Colisoes,Moto,"-34,902,929","-8,061,482"
7/18/2014,Colisoes,Moto,"-3,490,629","-8,143,248"
7/18/2014,Colisoes,Moto,"-34,914,816","-8,054,011"
7/19/2014,Atropelamentos,Pedestre,"-34,935,247","-8,036,719"
7/19/2014,Atropelamentos,Pedestre,"-34,924,217","-8,060,812"
7/19/2014,Colisoes,Moto,"-34,894,794","-8,117,216"
7/19/2014,Colisoes,Ônibus,"-3,495,738","-8,013,591"
7/20/2014,Colisoes,Moto,"-34,929,324","-7,983,503"
7/20/2014,Colisoes,Moto,"-34,963,732","-8,081,718"
7/20/2014,Colisoes,Ciclomotor,"-34,935,306","-8,036,677"
7/20/2014,Colisoes,Moto,"-34,949,368","-8,084,028"
7/20/2014,Colisoes,Moto,"-34,882,297","-8,041,144"
7/20/2014,Colisoes,Táxi,"-34,927,629","-8,065,247"
7/20/2014,Colisoes,Moto,"-34,950,085","-8,084,426"
7/21/2014,Atropelamentos,Pedestre,"-34,954,551","-8,049,321"
7/21/2014,Colisoes,Moto,"-34,917,415","-8,109,196"
7/21/2014,Colisoes,Moto,"-34,932,511","-8,062,616"
7/21/2014,Colisoes,Moto,"-34,893,235","-8,037,991"
7/21/2014,Colisoes,Moto,"-34,929,196","-8,140,688"
7/21/2014,Colisoes,Moto,"-34,935,075","-806,384"
7/21/2014,Colisoes,Moto,"-3,491,715","-8,108,955"
7/21/2014,Colisoes,Moto,"-34,894,358","-8,037,039"
7/21/2014,Colisoes,Moto,"-34,943,696","-8,015,865"
7/21/2014,Colisoes,Moto,"-349,169","-8,108,737"
7/21/2014,Colisoes,Moto,"-34,933,938","-8,021,166"
7/21/2014,Colisoes,Moto,"-34,935,145","-8,010,632"
7/22/2014,Atropelamentos,Pedestre,"-34,898,339","-8,056,648"
7/22/2014,Atropelamentos,Pedestre,"-34,937,722","-8,064,783"
7/22/2014,Atropelamentos,Pedestre,"-34,881,554","-8,062,002"
7/22/2014,Colisoes,Moto,"-34,912,915","-8,140,101"
7/22/2014,Colisoes,Táxi,"-34,893,418","-8,074,611"
7/22/2014,Colisoes,Táxi,"-34,928,643","-809,601"
7/22/2014,Colisoes,Moto,"-34,911,128","-8,056,032"
7/23/2014,Colisoes,Táxi,"-34,893,544","-8,112,447"
7/23/2014,Colisoes,Moto,"-34,928,209","-8,067,229"
7/23/2014,Colisoes,Táxi,"-34,945,182","-8,041,531"
7/23/2014,Colisoes,Moto,"-34,934,984","-8,035,078"
7/23/2014,Colisoes,Moto,"-34,927,168","-8,040,687"
7/24/2014,Colisoes,Moto,"-34,953,432","-8,057,307"
7/24/2014,Colisoes,Moto,"-34,895,512","-8,051,539"
7/24/2014,Colisoes,Moto,"-34,885,787","-8,088,208"
7/24/2014,Colisoes,Moto,"-3,489,389","-8,023,153"
7/24/2014,Colisoes,Moto,"-34,903,167","-8,056,839"
7/24/2014,Colisoes,Moto,"-34,960,073","-8,082,153"
7/24/2014,Colisoes,Moto,"-34,873,824","-8,049,972"
7/24/2014,Colisoes,Moto,"-34,936,191","-8,091,586"
7/25/2014,Atropelamentos,Pedestre,"-34,890,615","-8,072,147"
7/25/2014,Colisoes,Moto,"-34,891,092","-8,046,588"
7/25/2014,Colisoes,Moto,"-34,928,404","-8,027,724"
7/25/2014,Colisoes,Ciclomotor,"-34,909,637","-8,086,381"
7/25/2014,Colisoes,Moto,"-34,908,521","-8,034,531"
7/25/2014,Colisoes,Moto,"-34,882,482","-8,049,109"
7/25/2014,Colisoes,Moto,"-34,890,625","-807,255"
7/26/2014,Atropelamentos,Pedestre,"-34,917,308","-8,021,429"
7/26/2014,Colisoes,Moto,"-34,957,058","-8,027,317"
7/26/2014,Colisoes,Moto,"-34,894,887","-8,116,547"
7/26/2014,Colisoes,Táxi,"-34,909,192","-8,077,023"
7/26/2014,Colisoes,Moto,"-34,880,414","-8,068,177"
7/26/2014,Colisoes,Ciclomotor,"-34,911,472","-807,672"
7/26/2014,Colisoes,Moto,"-34,918,697","-8,080,857"
7/27/2014,Colisoes,Moto,"-34,934,099","-8,079,343"
7/27/2014,Colisoes,Moto,"-34,895,453","-8,051,695"
7/27/2014,Colisoes,Moto,"-34,914,969","-8,125,394"
7/27/2014,Colisoes,Moto,"-34,914,186","-8,120,354"
7/27/2014,Colisoes,Táxi,"-34,900,394","-8,128,341"
7/28/2014,Atropelamentos,Pedestre,"-34,929,083","-8,070,915"
7/28/2014,Atropelamentos,Pedestre,"-34,892,342","-803,784"
7/28/2014,Atropelamentos,Pedestre,"-34,893,959","-8,019,155"
7/28/2014,Atropelamentos,Pedestre,"-34,895,545","-811,575"
7/28/2014,Atropelamentos,Pedestre,"-34,908,682","-8,091,394"
7/28/2014,Colisoes,Moto,"-34,929,786","-8,098,628"
7/28/2014,Colisoes,Moto,"-34,931,524","-8,014,462"
7/28/2014,Colisoes,Moto,"-34,884,773","-8,042,477"
7/28/2014,Colisoes,Moto,"-34,908,891","-8,082,148"
7/28/2014,Colisoes,Moto,"-3,495,443","-8,119,605"
7/29/2014,Colisoes,Moto,"-34,955,041","-803,154"
7/29/2014,Colisoes,Moto,"-34,894,246","-8,025,354"
7/29/2014,Colisoes,Moto,"-34,890,808","-803,393"
7/30/2014,Colisoes,Ciclomotor,"-34,929,694","-8,073,634"
7/30/2014,Colisoes,Moto,"-34,873,862","-8,049,897"
7/30/2014,Colisoes,Moto,"-34,873,985","-8,049,924"
7/30/2014,Colisoes,Moto,"-3,491,322","-8,106,023"
7/30/2014,Colisoes,Ciclomotor,"-34,924,373","-8,020,468"
7/30/2014,Colisoes,Moto,"-34,910,753","-8,018,967"
7/30/2014,Colisoes,Moto,"-34,919,084","-8,051,637"
7/30/2014,Colisoes,Moto,"-34,904,753","-8,141,163"
7/31/2014,Atropelamentos,Pedestre,"-34,898,077","-8,059,219"
7/31/2014,Colisoes,Ciclomotor,"-34,914,599","-8,047,932"
7/31/2014,Colisoes,Moto,"-3,491,778","-8,026,584"
7/31/2014,Colisoes,Ciclomotor,"-34,944,667","-8,037,484"
7/31/2014,Colisoes,Moto,"-34,948,824","-8,035,184"
7/31/2014,Colisoes,Moto,"-34,892,664","-8,056,651"
7/31/2014,Colisoes,Moto,"-34,914,181","-8,080,703"
7/31/2014,Colisoes,Moto,"-34,940,662","-8,115,938"
8/1/2014,,Moto,"-34,897,084","-803,733"
8/1/2014,Motos e Ciclomotores,Moto,"-34,931,765","-8,059,325"
8/1/2014,Motos e Ciclomotores,Moto,"-34,917,855","-8,044,862"
8/1/2014,Motos e Ciclomotores,Moto,"-34,911,064","-8,056,064"
8/1/2014,Outros,Pedestre,"-34,907,733","-8,088,064"
8/2/2014,Motos e Ciclomotores,Acidente com morte,"-34,927,522","-8,084,458"
8/2/2014,Motos e Ciclomotores,Ciclomotor,"-34,919,255","-8,048,394"
8/2/2014,Motos e Ciclomotores,Ciclomotor,"-349,131","-8,027,747"
8/2/2014,Motos e Ciclomotores,Moto,"-3,489,349","-8,025,195"
8/2/2014,Outros,Táxi,"-34,904,959","-8,051,857"
8/3/2014,Motos e Ciclomotores,Ciclomotor,"-34,930,456","-8,045,313"
8/3/2014,Motos e Ciclomotores,Moto,"-34,888,512","-8,083,481"
8/3/2014,Motos e Ciclomotores,Moto,"-34,917,877","-8,000,449"
8/3/2014,Motos e Ciclomotores,Moto,"-34,918,295","-8,073,841"
8/3/2014,Motos e Ciclomotores,Moto,"-34,933,959","-7,990,446"
8/3/2014,Motos e Ciclomotores,Moto,"-34,913,341","-804,675"
8/3/2014,Outros,Ônibus,"-3,491,892","-805,173"
8/3/2014,Outros,Táxi,"-34,890,824","-8,046,269"
8/4/2014,Motos e Ciclomotores,Ciclomotor,"-34,954,355","-8,031,928"
8/4/2014,Motos e Ciclomotores,Moto,"-34,914,167","-8,006,035"
8/4/2014,Motos e Ciclomotores,Moto,"-34,906,751","-805,331"
8/4/2014,Motos e Ciclomotores,Moto,"-34,942,899","-8,092,958"
8/4/2014,Motos e Ciclomotores,Moto,"-34,895,877","-8,034,645"
8/4/2014,Motos e Ciclomotores,Moto,"-34,905,007","-8,051,023"
8/4/2014,Outros,Pedestre,"-34,930,424","-8,100,258"
8/5/2014,Motos e Ciclomotores,Ciclomotor,"-34,894,305","-8,079,949"
8/5/2014,Motos e Ciclomotores,Moto,"-34,929,056","-8,140,678"
8/5/2014,Motos e Ciclomotores,Moto,"-34,940,686","-8,115,994"
8/5/2014,Motos e Ciclomotores,Moto,"-34,915,514","-8,022,019"
8/5/2014,Motos e Ciclomotores,Moto,"-34,960,349","-8,033,564"
8/5/2014,Outros,Pedestre,"-34,918,561","-8,026,844"
8/6/2014,Motos e Ciclomotores,Moto,"-34,919,604","-8,046,641"
8/6/2014,Motos e Ciclomotores,Moto,"-34,941,233","-8,118,219"
8/6/2014,Motos e Ciclomotores,Moto,"-34,952,145","-8,108,814"
8/6/2014,Motos e Ciclomotores,Moto,"-34,928,766","-8,084,883"
8/6/2014,Motos e Ciclomotores,Moto,"-34,895,443","-8,004,587"
8/6/2014,Motos e Ciclomotores,Moto,"-34,889,805","-8,029,678"
8/7/2014,Motos e Ciclomotores,Ciclomotor,"-34,905,654","-8,058,093"
8/7/2014,Motos e Ciclomotores,Ciclomotor,"-34,929,576","-809,055"
8/7/2014,Motos e Ciclomotores,Moto,"-34,929,882","-8,088,622"
8/7/2014,Motos e Ciclomotores,Moto,"-34,907,995","-8,064,886"
8/7/2014,Motos e Ciclomotores,Moto,"-34,898,087","-8,056,712"
8/7/2014,Motos e Ciclomotores,Moto,"-34,880,476","-8,054,545"
8/7/2014,Motos e Ciclomotores,Moto,"-34,893,962","-8,075,827"
8/7/2014,Motos e Ciclomotores,Moto,"-34,929,153","-8,061,338"
8/7/2014,Motos e Ciclomotores,Moto,"-34,912,957","-8,024,948"
8/7/2014,Outros,Pedestre,"-3,491,984","-8,026,042"
8/7/2014,Outros,Pedestre,"-34,892,948","-8,076,208"
8/7/2014,Outros,Ônibus,"-34,900,362","-8,124,661"
8/8/2014,Motos e Ciclomotores,Moto,"-34,891,591","-8,034,488"
8/8/2014,Motos e Ciclomotores,Moto,"-34,903,505","-8,045,478"
8/8/2014,Motos e Ciclomotores,Moto,"-34,897,181","-8,032,383"
8/8/2014,Motos e Ciclomotores,Moto,"-34,929,496","-8,061,476"
8/8/2014,Motos e Ciclomotores,Moto,"-34,894,033","-8,019,227"
8/8/2014,Motos e Ciclomotores,Moto,"-34,910,973","-8,062,488"
8/8/2014,Motos e Ciclomotores,Moto,"-3,493,047","-8,016,122"
8/8/2014,Motos e Ciclomotores,Moto,"-34,870,203","-8,054,741"
8/8/2014,Motos e Ciclomotores,Moto,"-34,923,225","-8,054,178"
8/8/2014,Outros,Ciclista,"-34,929,051","-8,073,159"
8/8/2014,Outros,Ônibus,"-34,898,653","-8,118,559"
8/9/2014,Motos e Ciclomotores,Moto,"-34,903,795","-802,732"
8/9/2014,Motos e Ciclomotores,Moto,"-34,934,541","-8,052,792"
8/9/2014,Motos e Ciclomotores,Moto,"-34,879,079","-8,045,924"
8/9/2014,Motos e Ciclomotores,Moto,"-349,116","-8,109,568"
8/9/2014,Motos e Ciclomotores,Moto,"-34,883,577","-8,034,223"
8/9/2014,Motos e Ciclomotores,Moto,"-34,883,389","-8,097,024"
8/9/2014,Outros,Pedestre,"-34,923,552","-8,061,099"
8/9/2014,Outros,Pedestre,"-34,911,649","-8,055,761"
8/9/2014,Outros,Ônibus,"-34,957,911","-8,040,448"
8/10/2014,Motos e Ciclomotores,Ciclomotor,"-34,929,699","-8,085,409"
8/10/2014,Motos e Ciclomotores,Ciclomotor,"-34,910,527","-8,033,192"
8/10/2014,Motos e Ciclomotores,Ciclomotor,"-34,897,047","-8,066,331"
8/10/2014,Motos e Ciclomotores,Ciclomotor,"-34,955,041","-8,031,545"
8/10/2014,Motos e Ciclomotores,Moto,"-34,887,514","-8,024,244"
8/10/2014,Motos e Ciclomotores,Moto,"-34,949,645","-8,126,918"
8/10/2014,Motos e Ciclomotores,Moto,"-34,904,246","-8,011,573"
8/10/2014,Outros,Táxi,"-34,876,978","-804,755"
8/11/2014,Motos e Ciclomotores,Moto,"-34,887,868","-8,033,734"
8/11/2014,Motos e Ciclomotores,Moto,"-34,913,864","-8,027,485"
8/11/2014,Motos e Ciclomotores,Moto,"-34,928,042","-8,084,931"
8/11/2014,Motos e Ciclomotores,Moto,"-3,494,162","-811,798"
8/11/2014,Motos e Ciclomotores,Moto,"-34,925,741","-8,107,582"
8/11/2014,Motos e Ciclomotores,Moto,"-34,944,709","-8,081,378"
8/11/2014,Motos e Ciclomotores,Moto,"-34,896,204","-8,053,419"
8/11/2014,Outros,Pedestre,"-34,900,453","-8,029,636"
8/12/2014,Motos e Ciclomotores,Ciclomotor,"-34,892,723","-8,028,988"
8/12/2014,Motos e Ciclomotores,Moto,"-34,878,639","-8,061,171"
8/12/2014,Motos e Ciclomotores,Moto,"-34,919,137","-8,022,645"
8/12/2014,Motos e Ciclomotores,Moto,"-34,925,837","-810,922"
8/12/2014,Motos e Ciclomotores,Moto,"-34,915,345","-8,080,762"
8/12/2014,Outros,Ciclista,"-34,908,435","-8,093,179"
8/12/2014,Outros,Ciclista,"-34,912,209","-8,059,423"
8/12/2014,Outros,Pedestre,"-3,489,717","-8,063,022"
8/12/2014,Outros,Pedestre,"-34,904,391","-8,079,495"
8/13/2014,Motos e Ciclomotores,Moto,"-34,914,633","-8,106,758"
8/13/2014,Motos e Ciclomotores,Moto,"-3,488,812","-8,104,072"
8/13/2014,Outros,Táxi,"-3,490,953","-8,070,617"
8/14/2014,Motos e Ciclomotores,Moto,"-3,490,001","-8,055,282"
8/14/2014,Motos e Ciclomotores,Moto,"-34,945,246","-8,093,179"
8/14/2014,Motos e Ciclomotores,Moto,"-34,917,512","-8,140,545"
8/14/2014,Motos e Ciclomotores,Moto,"-34,949,382","-8,127,221"
8/14/2014,Motos e Ciclomotores,Moto,"-34,897,696","-8,050,266"
8/14/2014,Motos e Ciclomotores,Moto,"-34,869,653","-8,057,708"
8/14/2014,Outros,Ciclista,"-34,904,914","-8,052,322"
8/14/2014,Outros,Caminhão,"-34,946,217","-8,119,069"
8/15/2014,Motos e Ciclomotores,Ciclomotor,"-3,490,788","-808,803"
8/15/2014,Motos e Ciclomotores,Moto,"-34,908,763","-8,024,582"
8/15/2014,Motos e Ciclomotores,Moto,"-34,925,717","-806,051"
8/15/2014,Outros,Ciclista,"-34,892,323","-8,052,561"
8/15/2014,Outros,Pedestre,"-3,491,719","-8,021,471"
8/16/2014,Motos e Ciclomotores,Moto,"-34,884,167","-8,095,824"
8/16/2014,Motos e Ciclomotores,Moto,"-34,890,325","-8,007,488"
8/16/2014,Motos e Ciclomotores,Moto,"-34,888,848","-803,592"
8/16/2014,Outros,Pedestre,"-34,922,699","-8,033,442"
8/16/2014,Outros,Pedestre,"-34,954,194","-8,084,702"
8/16/2014,Outros,Ônibus,"-34,903,682","-8,136,432"
8/16/2014,Outros,Ônibus,"-34,932,052","-804,444"
8/16/2014,Outros,Táxi,"-34,886,865","-8,006,744"
8/17/2014,Motos e Ciclomotores,Moto,"-34,960,602","-8,091,793"
8/17/2014,Motos e Ciclomotores,Moto,"-34,940,303","-8,115,421"
8/17/2014,Motos e Ciclomotores,Moto,"-34,953,907","-804,692"
8/17/2014,Motos e Ciclomotores,Moto,"-34,921,712","-8,020,754"
8/18/2014,Motos e Ciclomotores,Moto,"-34,906,574","-804,739"
8/18/2014,Motos e Ciclomotores,Moto,"-34,895,491","-8,119,539"
8/18/2014,Motos e Ciclomotores,Moto,"-34,897,556","-8,063,797"
8/18/2014,Motos e Ciclomotores,Moto,"-34,922,184","-8,052,303"
8/18/2014,Motos e Ciclomotores,Moto,"-34,932,379","-806,256"
8/18/2014,Motos e Ciclomotores,Moto,"-34,880,634","-8,052,659"
8/18/2014,Motos e Ciclomotores,Moto,"-34,880,041","-8,051,852"
8/18/2014,Motos e Ciclomotores,Moto,"-34,950,133","-8,111,756"
8/18/2014,Motos e Ciclomotores,Moto,"-34,877,056","-8,062,857"
8/18/2014,Motos e Ciclomotores,Moto,"-34,957,941","-802,984"
8/18/2014,Motos e Ciclomotores,Moto,"-34,923,163","-8,054,104"
8/18/2014,Outros,Pedestre,"-34,885,996","-8,095,569"
8/18/2014,Outros,Caminhão,"-34,919,684","-8,021,084"
8/19/2014,Motos e Ciclomotores,Ciclomotor,"-34,922,265","-8,108,341"
8/19/2014,Motos e Ciclomotores,Ciclomotor,"-34,920,044","-8,109,892"
8/19/2014,Motos e Ciclomotores,Moto,"-34,907,405","-8,139,621"
8/19/2014,Motos e Ciclomotores,Moto,"-34,949,607","-8,015,126"
8/19/2014,Motos e Ciclomotores,Moto,"-34,912,416","-8,080,416"
8/19/2014,Motos e Ciclomotores,Moto,"-34,918,714","-8,046,923"
8/20/2014,Motos e Ciclomotores,Moto,"-34,890,904","-8,006,903"
8/20/2014,Motos e Ciclomotores,Moto,"-34,893,058","-8,111,613"
8/20/2014,Motos e Ciclomotores,Moto,"-34,887,219","-8,040,042"
8/20/2014,Motos e Ciclomotores,Moto,"-34,926,428","-8,062,671"
8/20/2014,Motos e Ciclomotores,Moto,"-34,886,294","-8,059,336"
8/20/2014,Outros,Ciclista,"-34,954,673","-8,031,755"
8/20/2014,Outros,Táxi,"-34,923,177","-8,047,948"
8/21/2014,Motos e Ciclomotores,Moto,"-34,919,304","-8,051,528"
8/21/2014,Motos e Ciclomotores,Moto,"-3,492,043","-8,074,914"
8/22/2014,Motos e Ciclomotores,Moto,"-34,900,906","-8,029,317"
8/22/2014,Motos e Ciclomotores,Moto,"-34,910,946","-8,092,127"
8/22/2014,Motos e Ciclomotores,Moto,"-34,929,652","-8,073,549"
8/22/2014,Motos e Ciclomotores,Moto,"-34,943,572","-8,015,833"
8/22/2014,Motos e Ciclomotores,Moto,"-34,951,082","-8,090,906"
8/22/2014,Motos e Ciclomotores,Moto,"-34,896,344","-8,051,966"
8/22/2014,Motos e Ciclomotores,Moto,"-34,925,634","-8,140,529"
8/22/2014,Outros,Pedestre,"-34,902,829","-8,061,492"
8/22/2014,Outros,Ônibus,"-34,872,926","-8,066,031"
8/22/2014,Outros,Táxi,"-34,881,581","-8,053,945"
8/23/2014,Motos e Ciclomotores,Moto,"-34,913,735","-8,016,492"
8/23/2014,Motos e Ciclomotores,Moto,"-34,939,519","-8,020,412"
8/23/2014,Motos e Ciclomotores,Moto,"-34,883,373","-8,058,778"
8/23/2014,Motos e Ciclomotores,Moto,"-34,906,708","-8,080,273"
8/23/2014,Motos e Ciclomotores,Moto,"-34,937,022","-8,110,535"
8/23/2014,Outros,Ciclista,"-34,930,022","-8,088,144"
8/23/2014,Outros,Pedestre,"-34,911,611","-8,024,119"
8/23/2014,Outros,Acidente com morte,"-34,890,808","-8,082,743"
8/24/2014,Motos e Ciclomotores,Ciclomotor,"-34,883,118","-8,095,901"
8/24/2014,Motos e Ciclomotores,Ciclomotor,"-34,917,549","-8,069,119"
8/24/2014,Motos e Ciclomotores,Ciclomotor,"-34,910,699","-809,098"
8/24/2014,Motos e Ciclomotores,Moto,"-34,907,379","-8,086,652"
8/25/2014,Motos e Ciclomotores,Acidente com morte,"-34,928,546","-8,097,916"
8/25/2014,Motos e Ciclomotores,Ciclomotor,"-34,907,596","-8,143,837"
8/25/2014,Motos e Ciclomotores,Ciclomotor,"-34,906,729","-8,132,383"
8/25/2014,Motos e Ciclomotores,Moto,"-34,954,914","-8,031,612"
8/25/2014,Motos e Ciclomotores,Moto,"-34,899,093","-8,124,895"
8/25/2014,Motos e Ciclomotores,Moto,"-34,928,294","-8,084,769"
8/25/2014,Outros,Pedestre,"-34,883,716","-8,015,642"
8/25/2014,Outros,Pedestre,"-34,898,978","-8,003,721"
8/25/2014,Outros,Táxi,"-34,894,059","-8,049,754"
8/26/2014,Motos e Ciclomotores,Moto,"-34,891,457","-803,512"
8/26/2014,Motos e Ciclomotores,Moto,"-34,936,341","-8,041,446"
8/26/2014,Motos e Ciclomotores,Moto,"-34,940,761","-8,019,562"
8/26/2014,Motos e Ciclomotores,Moto,"-34,926,519","-8,111,337"
8/26/2014,Motos e Ciclomotores,Moto,"-34,911,396","-8,042,689"
8/26/2014,Motos e Ciclomotores,Moto,"-34,892,986","-808,979"
8/26/2014,Motos e Ciclomotores,Moto,"-34,900,807","-813,092"
8/27/2014,Motos e Ciclomotores,Moto,"-34,896,325","-8,053,576"
8/27/2014,Motos e Ciclomotores,Moto,"-34,956,559","-8,049,087"
8/27/2014,Motos e Ciclomotores,Moto,"-34,913,849","-8,027,469"
8/27/2014,Motos e Ciclomotores,Moto,"-34,881,157","-8,070,936"
8/27/2014,Outros,Pedestre,"-34,898,087","-8,056,473"
8/27/2014,Outros,Pedestre,"-34,894,273","-8,019,424"
8/28/2014,Motos e Ciclomotores,Moto,"-34,957,965","-8,030,109"
8/28/2014,Motos e Ciclomotores,Moto,"-34,890,776","-8,045,467"
8/28/2014,Motos e Ciclomotores,Moto,"-34,906,853","-8,054,518"
8/28/2014,Motos e Ciclomotores,Moto,"-34,900,389","-8,029,609"
8/28/2014,Motos e Ciclomotores,Moto,"-34,913,118","-8,108,562"
8/28/2014,Motos e Ciclomotores,Moto,"-34,913,204","-8,107,332"
8/28/2014,Outros,Pedestre,"-34,957,278","-8,015,503"
8/28/2014,Outros,Pedestre,"-34,918,274","-8,023,758"
8/29/2014,Motos e Ciclomotores,Moto,"-3,489,165","-8,034,122"
8/29/2014,Motos e Ciclomotores,Moto,"-34,884,621","-8,071,981"
8/29/2014,Motos e Ciclomotores,Moto,"-34,937,983","-8,036,273"
8/29/2014,Motos e Ciclomotores,Moto,"-34,894,579","-8,117,978"
8/29/2014,Motos e Ciclomotores,Moto,"-34,912,067","-805,915"
8/29/2014,Motos e Ciclomotores,Moto,"-34,907,097","-8,022,313"
8/29/2014,Outros,Pedestre,"-34,935,212","-8,042,501"
8/29/2014,Outros,Pedestre,"-3,488,481","-8,089,227"
8/29/2014,Outros,Táxi,"-34,940,681","-8,036,597"
8/30/2014,Motos e Ciclomotores,Acidente com morte,"-34,902,492","-8,007,047"
8/30/2014,Motos e Ciclomotores,Moto,"-34,891,076","-8,046,604"
8/30/2014,Motos e Ciclomotores,Moto,"-34,881,608","-8,054,019"
8/30/2014,Motos e Ciclomotores,Moto,"-34,895,153","-801,714"
8/30/2014,Motos e Ciclomotores,Moto,"-34,935,386","-804,969"
8/31/2014,Motos e Ciclomotores,Ciclomotor,"-34,896,435","-8,053,387"
8/31/2014,Motos e Ciclomotores,Ciclomotor,"-34,915,323","-8,107,359"
8/31/2014,Motos e Ciclomotores,Moto,"-34,917,651","-8,018,032"
9/1/2014,Motos e Ciclomotores,Moto,"-34,886,398","-8,100,181"
9/1/2014,Motos e Ciclomotores,Moto,"-34,937,993","-8,000,651"
9/1/2014,Motos e Ciclomotores,Moto,"-34,892,943","-802,779"
9/1/2014,Motos e Ciclomotores,Moto,"-34,889,794","-8,054,157"
9/1/2014,Outros,Pedestre,"-34,901,832","-8,061,306"
9/1/2014,Outros,Pedestre,"-34,940,343","-8,046,493"
9/2/2014,Motos e Ciclomotores,Moto,"-34,906,821","-8,035,827"
9/2/2014,Outros,Ciclista,"-34,885,116","-8,073,323"
9/2/2014,Outros,Pedestre,"-34,929,035","-8,093,991"
9/2/2014,Outros,Pedestre,"-34,882,576","-8,066,033"
9/2/2014,Outros,Pedestre,"-3,495,786","-8,029,681"
9/3/2014,Motos e Ciclomotores,Ciclomotor,"-34,893,729","-8,023,997"
9/3/2014,Motos e Ciclomotores,Ciclomotor,"-34,890,676","-8,007,092"
9/3/2014,Motos e Ciclomotores,Moto,"-34,932,964","-8,082,589"
9/4/2014,Motos e Ciclomotores,Moto,"-34,893,554","-8,117,566"
9/4/2014,Motos e Ciclomotores,Moto,"-34,928,906","-8,094,602"
9/4/2014,Motos e Ciclomotores,Moto,"-34,922,286","-8,046,354"
9/4/2014,Outros,Pedestre,"-34,897,744","-8,119,552"
9/5/2014,Motos e Ciclomotores,Moto,"-34,928,133","-8,099,892"
9/5/2014,Motos e Ciclomotores,Moto,"-34,890,041","-8,045,085"
9/5/2014,Motos e Ciclomotores,Moto,"-34,911,048","-8,092,557"
9/5/2014,Motos e Ciclomotores,Moto,"-34,956,865","-8,090,815"
9/5/2014,Outros,Ciclista,"-34,877,987","-8,041,192"
9/5/2014,Outros,Táxi,"-34,873,824","-8,049,972"
9/6/2014,Motos e Ciclomotores,Moto,"-34,896,966","-8,053,822"
9/6/2014,Motos e Ciclomotores,Moto,"-34,963,163","-8,081,803"
9/6/2014,Motos e Ciclomotores,Moto,"-34,878,952","-8,039,449"
9/6/2014,Motos e Ciclomotores,Moto,"-34,934,345","-8,030,993"
9/6/2014,Outros,Pedestre,"-34,886,586","-8,043,561"
9/6/2014,Outros,Pedestre,"-34,927,007","-8,047,289"
9/6/2014,Outros,Ônibus,"-34,954,011","-8,047,204"
9/6/2014,Outros,Táxi,"-34,907,255","-8,114,624"
9/7/2014,Motos e Ciclomotores,Moto,"-34,958,067","-8,091,139"
9/7/2014,Motos e Ciclomotores,Moto,"-34,876,423","-8,062,929"
9/7/2014,Motos e Ciclomotores,Moto,"-3,490,586","-8,122,972"
9/7/2014,Motos e Ciclomotores,Moto,"-34,901,977","-8,031,264"
9/8/2014,Outros,Carroça,"-34,878,271","-8,062,055"
9/9/2014,Motos e Ciclomotores,Moto,"-34,914,138","-8,120,992"
9/9/2014,Motos e Ciclomotores,Ciclomotor,"-34,934,195","-8,063,447"
9/9/2014,Motos e Ciclomotores,Moto,"-34,925,226","-8,058,842"
9/9/2014,Motos e Ciclomotores,Moto,"-34,912,528","-8,023,822"
9/9/2014,Motos e Ciclomotores,Moto,"-34,893,168","-8,116,977"
9/9/2014,Motos e Ciclomotores,Moto,"-34,918,467","-8,056,956"
9/9/2014,Outros,Táxi,"-34,942,692","-8,050,269"
9/10/2014,Motos e Ciclomotores,Acidente com morte,"-34,916,482","-8,133,498"
9/10/2014,Motos e Ciclomotores,Moto,"-34,931,298","-8,048,118"
9/10/2014,Motos e Ciclomotores,Moto,"-34,907,534","-8,035,285"
9/10/2014,Motos e Ciclomotores,Moto,"-34,924,056","-8,049,637"
9/10/2014,Motos e Ciclomotores,Moto,"-34,894,721","-8,049,446"
9/10/2014,Outros,Pedestre,"-34,898,415","-8,040,937"
9/10/2014,Outros,Ônibus,"-34,878,821","-8,065,675"
9/10/2014,Outros,Ônibus,"-34,960,041","-8,091,649"
9/11/2014,Motos e Ciclomotores,Moto,"-34,929,885","-8,085,595"
9/11/2014,Motos e Ciclomotores,Ciclomotor,"-34,890,143","-8,083,513"
9/11/2014,Motos e Ciclomotores,Moto,"-3,491,277","-8,023,742"
9/11/2014,Motos e Ciclomotores,Ciclomotor,"-34,918,215","-8,065,497"
9/11/2014,Motos e Ciclomotores,Moto,"-34,880,176","-8,036,323"
9/11/2014,Outros,Ciclista,"-34,958,947","-8,040,703"
9/11/2014,Outros,Ônibus,"-34,940,783","-8,039,646"
9/11/2014,Outros,Táxi,"-34,913,542","-8,116,886"
9/12/2014,Motos e Ciclomotores,Moto,"-34,887,876","-810,169"
9/12/2014,Motos e Ciclomotores,Moto,"-34,923,623","-811,645"
9/12/2014,Motos e Ciclomotores,Moto,"-34,933,519","-8,037,388"
9/12/2014,Motos e Ciclomotores,Ciclomotor,"-34,919,379","-8,080,862"
9/12/2014,Outros,Ciclista,"-34,922,568","-8,033,588"
9/12/2014,Outros,Ciclista,"-34,896,301","-8,053,668"
9/12/2014,Outros,Pedestre,"-34,909,235","-8,057,073"
9/12/2014,Outros,Táxi,"-34,909,154","-8,047,491"
9/14/2014,Motos e Ciclomotores,Moto,"-34,891,484","-8,034,998"
9/14/2014,Outros,Pedestre,"-34,889,196","-8,011,161"
9/14/2014,Outros,Pedestre,"-34,928,992","-8,094,262"
9/14/2014,Outros,Táxi,"-34,940,246","-8,046,078"
9/14/2014,Outros,Táxi,"-34,883,724","-8,098,195"
9/14/2014,Outros,Táxi,"-34,916,734","-810,857"
9/15/2014,Motos e Ciclomotores,Moto,"-34,893,654","-8,004,781"
9/15/2014,Motos e Ciclomotores,Moto,"-34,904,745","-8,053,068"
9/15/2014,Motos e Ciclomotores,Moto,"-34,921,514","-8,118,958"
9/15/2014,Motos e Ciclomotores,Ciclomotor,"-34,909,747","-8,110,564"
9/15/2014,Motos e Ciclomotores,Moto,"-34,911,681","-8,053,918"
9/15/2014,Outros,Ciclista,"-34,886,809","-8,032,167"
9/15/2014,Outros,Pedestre,"-34,926,336","-8,018,051"
9/16/2014,Motos e Ciclomotores,Moto,"-34,893,131","-8,026,961"
9/16/2014,Motos e Ciclomotores,Moto,"-34,878,899","-803,955"
9/16/2014,Motos e Ciclomotores,Moto,"-34,889,586","-8,027,551"
9/16/2014,Motos e Ciclomotores,Moto,"-34,912,327","-8,007,246"
9/16/2014,Motos e Ciclomotores,Moto,"-34,926,108","-8,018,815"
9/16/2014,Motos e Ciclomotores,Moto,"-34,900,076","-8,077,805"
9/16/2014,Motos e Ciclomotores,Moto,"-34,902,553","-8,007,195"
9/16/2014,Outros,Ciclista,"-34,930,623","-8,061,832"
9/17/2014,Motos e Ciclomotores,Moto,"-34,888,041","-8,043,782"
9/17/2014,Motos e Ciclomotores,Moto,"-34,890,564","-8,039,104"
9/17/2014,Motos e Ciclomotores,Moto,"-34,918,022","-8,030,674"
9/17/2014,Motos e Ciclomotores,Moto,"-3,489,268","-8,019,997"
9/17/2014,Motos e Ciclomotores,Moto,"-34,912,105","-814,072"
9/17/2014,Outros,Pedestre,"-34,923,606","-8,002,096"
9/17/2014,Outros,Táxi,"-34,899,706","-8,047,749"
9/18/2014,Motos e Ciclomotores,Ciclomotor,"-34,906,306","-8,110,391"
9/18/2014,Motos e Ciclomotores,Moto,"-34,892,219","-8,039,213"
9/18/2014,Motos e Ciclomotores,Moto,"-34,901,687","-8,030,828"
9/18/2014,Motos e Ciclomotores,Moto,"-34,886,323","-8,073,331"
9/18/2014,Outros,Acidente com morte,"-34,876,834","-8,047,461"
9/18/2014,Outros,Ciclista,"-34,909,143","-8,076,321"
9/18/2014,Outros,Pedestre,"-34,918,119","-802,402"
9/18/2014,Outros,Táxi,"-34,896,475","-8,033,551"
9/18/2014,Outros,Táxi,"-3,490,012","-8,035,072"
9/19/2014,Motos e Ciclomotores,Moto,"-34,947,083","-8,092,518"
9/19/2014,Motos e Ciclomotores,Moto,"-34,949,682","-809,144"
9/19/2014,Motos e Ciclomotores,Moto,"-34,891,253","-8,082,206"
9/19/2014,Motos e Ciclomotores,Moto,"-34,940,187","-8,088,372"
9/19/2014,Outros,Ciclista,"-3,488,812","-804,424"
9/20/2014,Motos e Ciclomotores,Moto,"-34,901,298","-812,747"
9/20/2014,Motos e Ciclomotores,Ciclomotor,"-34,951,222","-8,088,797"
9/20/2014,Motos e Ciclomotores,Moto,"-34,918,636","-8,121,159"
9/20/2014,Motos e Ciclomotores,Moto,"-34,897,265","-8,024,012"
9/20/2014,Motos e Ciclomotores,Ciclomotor,"-3,491,071","-8,090,967"
9/20/2014,Motos e Ciclomotores,Moto,"-34,909,178","-8,076,794"
9/20/2014,Motos e Ciclomotores,Moto,"-34,881,613","-8,030,621"
9/20/2014,Motos e Ciclomotores,Moto,"-3,495,009","-8,127,364"
9/20/2014,Motos e Ciclomotores,Moto,"-34,918,384","-8,075,079"
9/20/2014,Outros,Pedestre,"-3,489,341","-8,025,564"
9/21/2014,Motos e Ciclomotores,Moto,"-34,893,356","-8,005,209"
9/21/2014,Motos e Ciclomotores,Moto,"-34,939,721","-8,082,031"
9/21/2014,Motos e Ciclomotores,Moto,"-34,916,566","-8,026,668"
9/21/2014,Motos e Ciclomotores,Moto,"-34,912,113","-8,036,719"
9/21/2014,Outros,Ciclista,"-34,888,563","-803,938"
9/21/2014,Outros,Ciclista,"-3,489,183","-8,077,591"
9/21/2014,Outros,Táxi,"-34,884,467","-8,053,775"
9/21/2014,Outros,Táxi,"-34,904,884","-8,141,166"
9/22/2014,Motos e Ciclomotores,Moto,"-34,917,708","-8,140,627"
9/22/2014,Motos e Ciclomotores,Moto,"-34,931,518","-8,087,215"
9/22/2014,Motos e Ciclomotores,Moto,"-34,893,124","-8,048,604"
9/22/2014,Motos e Ciclomotores,Moto,"-34,928,268","-8,067,449"
9/22/2014,Outros,Acidente com morte,"-34,929,314","-8,092,085"
9/22/2014,Outros,Pedestre,"-34,918,917","-8,051,671"
9/22/2014,Outros,Pedestre,"-34,934,764","-8,042,934"
9/22/2014,Outros,Pedestre,"-34,897,084","-8,065,582"
9/23/2014,Motos e Ciclomotores,Moto,"-34,901,832","-8,137,077"
9/23/2014,Motos e Ciclomotores,Moto,"-34,896,762","-8,124,035"
9/23/2014,Motos e Ciclomotores,Moto,"-34,881,281","-8,053,615"
9/23/2014,Motos e Ciclomotores,Moto,"-34,911,024","-8,104,921"
9/23/2014,Motos e Ciclomotores,Moto,"-349,145","-8,139,095"
9/23/2014,Motos e Ciclomotores,Ciclomotor,"-3,492,127","-8,106,449"
9/23/2014,Motos e Ciclomotores,Moto,"-34,895,282","-8,080,256"
9/23/2014,Motos e Ciclomotores,Ciclomotor,"-34,908,678","-8,080,277"
9/23/2014,Motos e Ciclomotores,Moto,"-34,916,931","-8,122,334"
9/23/2014,Outros,Pedestre,"-34,935,424","-8,042,599"
9/23/2014,Outros,Pedestre,"-34,906,126","-8,019,952"
9/23/2014,Outros,Pedestre,"-34,933,026","-8,069,385"
9/23/2014,Outros,Ônibus,"-34,877,595","-8,048,514"
9/23/2014,Outros,Táxi,"-34,902,453","-8,048,738"
9/24/2014,Motos e Ciclomotores,Moto,"-34,910,093","-80,979"
9/24/2014,Motos e Ciclomotores,Moto,"-34,882,595","-8,053,432"
9/24/2014,Motos e Ciclomotores,Moto,"-34,911,229","-8,038,694"
9/24/2014,Outros,Ciclista,"-34,926,049","-8,018,478"
9/24/2014,Outros,Pedestre,"-34,896,695","-8,123,842"
9/24/2014,Outros,Pedestre,"-34,900,403","-8,128,323"
9/24/2014,Outros,Pedestre,"-34,927,235","-8,106,971"
9/25/2014,Motos e Ciclomotores,Moto,"-34,933,873","-8,089,554"
9/25/2014,Motos e Ciclomotores,Moto,"-34,889,282","-8,045,202"
9/25/2014,Outros,Pedestre,"-34,882,823","-8,061,487"
9/25/2014,Outros,Caminhão,"-34,895,935","-8,052,315"
9/25/2014,Outros,Ônibus,"-34,888,658","-8,049,575"
9/26/2014,Motos e Ciclomotores,Moto,"-34,921,884","-8,050,009"
9/26/2014,Motos e Ciclomotores,Moto,"-34,944,648","-8,037,476"
9/26/2014,Motos e Ciclomotores,Moto,"-34,885,937","-8,086,089"
9/26/2014,Motos e Ciclomotores,Moto,"-34,927,889","-8,018,707"
9/26/2014,Motos e Ciclomotores,Moto,"-34,913,891","-7,991,434"
9/26/2014,Motos e Ciclomotores,Ciclomotor,"-34,955,926","-8,023,169"
9/26/2014,Motos e Ciclomotores,Moto,"-34,911,536","-8,080,326"
9/26/2014,Motos e Ciclomotores,Moto,"-34,912,805","-8,080,472"
9/26/2014,Outros,Pedestre,"-34,897,765","-8,116,788"
9/26/2014,Outros,Táxi,"-34,894,059","-803,665"
9/26/2014,Outros,Táxi,"-34,903,709","-8,136,429"
9/27/2014,Motos e Ciclomotores,Moto,"-34,907,244","-8,058,985"
9/27/2014,Outros,Pedestre,"-34,906,107","-8,025,097"
9/28/2014,Motos e Ciclomotores,Moto,"-34,925,666","-8,083,778"
9/28/2014,Motos e Ciclomotores,Ciclomotor,"-34,925,054","-8,058,359"
9/28/2014,Motos e Ciclomotores,Moto,"-34,885,017","-8,089,006"
9/28/2014,Motos e Ciclomotores,Ciclomotor,"-34,904,047","-8,061,213"
9/28/2014,Motos e Ciclomotores,Moto,"-34,903,621","-8,061,304"
9/28/2014,Motos e Ciclomotores,Moto,"-34,881,358","-8,032,162"
9/28/2014,Motos e Ciclomotores,Ciclomotor,"-34,927,192","-8,106,953"
9/28/2014,Outros,Caminhão,"-34,886,543","-8,021,421"
9/29/2014,Motos e Ciclomotores,Moto,"-34,898,055","-8,055,719"
9/29/2014,Motos e Ciclomotores,Moto,"-34,890,548","-8,083,967"
9/29/2014,Motos e Ciclomotores,Moto,"-34,909,492","-807,109"
9/29/2014,Motos e Ciclomotores,Moto,"-34,927,152","-8,065,752"
9/29/2014,Motos e Ciclomotores,Moto,"-34,934,839","-8,051,775"
9/29/2014,Motos e Ciclomotores,Moto,"-34,915,219","-8,031,378"
9/29/2014,Outros,Pedestre,"-34,905,501","-8,078,204"
9/29/2014,Outros,Táxi,"-3,490,185","-8,031,065"
9/30/2014,Motos e Ciclomotores,Moto,"-34,897,397","-804,347"
9/30/2014,Motos e Ciclomotores,Moto,"-34,890,059","-8,044,883"
9/30/2014,Motos e Ciclomotores,Moto,"-34,897,216","-8,066,671"
9/30/2014,Motos e Ciclomotores,Moto,"-34,931,009","-8,047,512"
9/30/2014,Motos e Ciclomotores,Moto,"-34,932,913","-8,046,838"
9/30/2014,Motos e Ciclomotores,Moto,"-34,932,967","-8,082,639"
9/30/2014,Motos e Ciclomotores,Moto,"-3,491,645","-8,048,426"
9/30/2014,Motos e Ciclomotores,Moto,"-34,897,693","-8,125,192"
9/30/2014,Motos e Ciclomotores,Moto,"-34,919,963","-8,053,552"
9/30/2014,Outros,Pedestre,"-34,878,863","-806,593"
9/30/2014,Outros,Pedestre,"-34,931,486","-801,417"
9/30/2014,Outros,Pedestre,"-34,928,171","-8,100,585"
10/1/2014,Motos e Ciclomotores,Moto,"-34,872,217","-8,036,831"
10/1/2014,Motos e Ciclomotores,Ciclomotor,"-34,916,654","-8,037,877"
10/1/2014,Motos e Ciclomotores,Moto,"-34,935,799","-8,009,998"
10/1/2014,Motos e Ciclomotores,Moto,"-34,883,267","-8,050,176"
10/1/2014,Motos e Ciclomotores,Moto,"-34,910,031","-803,808"
10/1/2014,Motos e Ciclomotores,Moto,"-34,885,095","-8,032,183"
10/1/2014,Motos e Ciclomotores,Moto,"-3,490,378","-8,125,337"
10/1/2014,Outros,Pedestre,"-34,907,743","-8,073,528"
10/1/2014,Outros,Caminhão,"-34,894,558","-8,019,673"
10/2/2014,Motos e Ciclomotores,Ciclomotor,"-34,941,603","-8,092,913"
10/2/2014,Motos e Ciclomotores,Moto,"-34,897,224","-8,065,311"
10/2/2014,Motos e Ciclomotores,Moto,"-3,488,885","-8,044,203"
10/2/2014,Motos e Ciclomotores,Moto,"-34,913,204","-8,027,716"
10/3/2014,Motos e Ciclomotores,Moto,"-34,928,654","-807,041"
10/3/2014,Motos e Ciclomotores,Moto,"-34,907,531","-8,086,367"
10/3/2014,Motos e Ciclomotores,Moto,"-34,981,542","-8,034,998"
10/4/2014,Motos e Ciclomotores,Moto,"-34,913,545","-8,134,786"
10/4/2014,Motos e Ciclomotores,Ciclomotor,"-34,972,722","-803,741"
10/4/2014,Outros,Ciclista,"-34,883,228","-8,040,761"
10/4/2014,Outros,Ônibus,"-34,881,216","-8,053,414"
10/4/2014,Outros,Táxi,"-34,918,534","-8,121,273"
10/5/2014,Motos e Ciclomotores,Ciclomotor,"-34,920,071","-8,012,991"
10/5/2014,Motos e Ciclomotores,Moto,"-34,888,665","-8,049,571"
10/5/2014,Motos e Ciclomotores,Ciclomotor,"-34,895,314","-8,004,521"
10/6/2014,Motos e Ciclomotores,Moto,"-34,890,017","-8,044,851"
10/6/2014,Motos e Ciclomotores,Moto,"-34,894,659","-8,051,363"
10/6/2014,Motos e Ciclomotores,Moto,"-34,908,639","-8,091,203"
10/6/2014,Motos e Ciclomotores,Moto,"-34,883,531","-8,032,474"
10/6/2014,Motos e Ciclomotores,Moto,"-34,886,876","-803,209"
10/6/2014,Motos e Ciclomotores,Moto,"-34,903,986","-8,079,277"
10/6/2014,Outros,Pedestre,"-34,912,673","-8,035,537"
10/6/2014,Outros,Pedestre,"-34,895,158","-8,004,478"
10/6/2014,Outros,Ônibus,"-34,885,567","-807,346"
10/7/2014,Motos e Ciclomotores,Moto,"-34,877,788","-8,046,917"
10/7/2014,Motos e Ciclomotores,Moto,"-34,887,965","-8,051,422"
10/7/2014,Motos e Ciclomotores,Moto,"-34,897,905","-8,124,989"
10/7/2014,Motos e Ciclomotores,Moto,"-34,894,617","-8,039,354"
10/7/2014,Motos e Ciclomotores,Moto,"-34,920,033","-8,014,385"
10/7/2014,Outros,Pedestre,"-34,913,668","-8,026,935"
10/7/2014,Outros,Táxi,"-34,914,376","-8,022,742"
10/8/2014,Motos e Ciclomotores,Moto,"-34,878,226","-8,049,276"
10/8/2014,Motos e Ciclomotores,Moto,"-34,910,278","-8,062,209"
10/8/2014,Motos e Ciclomotores,Moto,"-34,921,793","-8,051,719"
10/8/2014,Motos e Ciclomotores,Moto,"-34,891,005","-803,731"
10/8/2014,Motos e Ciclomotores,Moto,"-34,906,566","-805,079"
10/8/2014,Outros,Carroça,"-3,491,457","-8,122,707"
10/8/2014,Outros,Ciclista,"-34,916,659","-8,052,967"
10/8/2014,Outros,Ciclista,"-34,884,971","-809,175"
10/8/2014,Outros,Ciclista,"-34,919,558","-8,080,886"
10/8/2014,Outros,Ônibus,"-34,942,746","-8,038,329"
10/9/2014,Motos e Ciclomotores,Moto,"-34,905,559","-8,061,192"
10/9/2014,Motos e Ciclomotores,Moto,"-34,912,287","-8,023,896"
10/9/2014,Motos e Ciclomotores,Moto,"-34,926,546","-8,111,342"
10/9/2014,Motos e Ciclomotores,Moto,"-34,905,163","-8,081,293"
10/9/2014,Motos e Ciclomotores,Moto,"-34,877,551","-8,032,011"
10/9/2014,Motos e Ciclomotores,Moto,"-34,898,844","-8,052,428"
10/9/2014,Motos e Ciclomotores,Moto,"-34,892,986","-8,079,498"
10/9/2014,Outros,Pedestre,"-34,887,629","-804,931"
10/10/2014,Motos e Ciclomotores,Moto,"-34,887,946","-8,048,535"
10/10/2014,Motos e Ciclomotores,Moto,"-34,924,512","-8,068,392"
10/10/2014,Motos e Ciclomotores,Moto,"-3,492,231","-811,345"
10/10/2014,Motos e Ciclomotores,Moto,"-34,908,961","-8,143,179"
10/10/2014,Outros,Ciclista,"-34,898,565","-8,056,311"
10/10/2014,Outros,Pedestre,"-34,887,149","-805,924"
10/10/2014,Outros,Acidente com morte,"-34,916,039","-8,075,627"
10/10/2014,Outros,Ônibus,"-34,888,025","-810,198"
10/11/2014,Motos e Ciclomotores,Moto,"-34,920,248","-8,051,013"
10/11/2014,Motos e Ciclomotores,Moto,"-34,895,649","-8,065,457"
10/11/2014,Motos e Ciclomotores,Moto,"-34,926,631","-8,110,949"
10/11/2014,Motos e Ciclomotores,Moto,"-34,906,247","-8,134,836"
10/11/2014,Motos e Ciclomotores,Moto,"-34,901,773","-8,030,834"
10/11/2014,Motos e Ciclomotores,Moto,"-34,910,737","-8,140,054"
10/11/2014,Motos e Ciclomotores,Moto,"-34,893,812","-8,067,284"
10/11/2014,Motos e Ciclomotores,Moto,"-3,492,366","-8,001,958"
10/11/2014,Motos e Ciclomotores,Moto,"-34,904,509","-8,119,074"
10/11/2014,Outros,Pedestre,"-3,492,642","-8,047,611"
10/11/2014,Outros,Pedestre,"-34,886,795","-8,043,237"
10/11/2014,Outros,Pedestre,"-34,917,963","-8,142,186"
10/11/2014,Outros,Táxi,"-34,889,276","-8,011,318"
10/11/2014,Outros,Táxi,"-34,905,066","-814,499"
10/11/2014,Outros,Táxi,"-34,890,507","-8,074,686"
10/12/2014,Motos e Ciclomotores,Moto,"-34,906","-8,146,864"
10/12/2014,Motos e Ciclomotores,Moto,"-34,886,473","-8,098,086"
10/12/2014,Motos e Ciclomotores,Moto,"-34,925,848","-8,106,769"
10/12/2014,Motos e Ciclomotores,Moto,"-34,896,886","-8,112,872"
10/12/2014,Motos e Ciclomotores,Moto,"-34,908,087","-8,122,999"
10/13/2014,Motos e Ciclomotores,Ciclomotor,"-34,898,688","-81,237"
10/13/2014,Motos e Ciclomotores,Ciclomotor,"-34,896,746","-8,117,837"
10/13/2014,Motos e Ciclomotores,Moto,"-34,896,427","-8,033,715"
10/13/2014,Motos e Ciclomotores,Moto,"-34,952,359","-8,085,648"
10/13/2014,Outros,Pedestre,"-34,890,548","-8,109,358"
10/13/2014,Outros,Pedestre,"-34,931,808","-8,044,384"
10/13/2014,Outros,Pedestre,"-34,908,768","-8,057,599"
10/14/2014,Motos e Ciclomotores,Moto,"-34,909,787","-8,068,312"
10/15/2014,Motos e Ciclomotores,Moto,"-34,896,558","-8,119,531"
10/15/2014,Motos e Ciclomotores,Moto,"-34,910,425","-7,995,121"
10/15/2014,Motos e Ciclomotores,Moto,"-34,931,172","-8,015,326"
10/15/2014,Motos e Ciclomotores,Moto,"-34,901,075","-8,120,338"
10/15/2014,Motos e Ciclomotores,Ciclomotor,"-34,900,126","-8,055,679"
10/15/2014,Motos e Ciclomotores,Moto,"-34,939,678","-8,119,266"
10/16/2014,Motos e Ciclomotores,Moto,"-3,491,406","-8,054,263"
10/16/2014,Motos e Ciclomotores,Moto,"-34,937,594","-8,111,451"
10/16/2014,Motos e Ciclomotores,Moto,"-34,929,818","-8,061,556"
10/16/2014,Motos e Ciclomotores,Ciclomotor,"-34,911,961","-8,108,963"
10/16/2014,Motos e Ciclomotores,Moto,"-3,492,956","-804,491"
10/16/2014,Motos e Ciclomotores,Moto,"-34,900,973","-8,119,523"
10/16/2014,Motos e Ciclomotores,Moto,"-34,897,894","-8,026,813"
10/16/2014,Motos e Ciclomotores,Moto,"-34,930,054","-8,061,729"
10/16/2014,Motos e Ciclomotores,Moto,"-34,944,935","-8,072,338"
10/16/2014,Motos e Ciclomotores,Moto,"-34,897,025","-8,045,462"
10/16/2014,Motos e Ciclomotores,Moto,"-34,902,218","-8,031,184"
10/16/2014,Motos e Ciclomotores,Moto,"-34,872,939","-806,393"
10/16/2014,Motos e Ciclomotores,Ciclomotor,"-34,910,388","-8,080,299"
10/16/2014,Outros,Táxi,"-34,892,795","-8,056,523"
10/16/2014,Outros,Táxi,"-34,894,257","-808,662"
10/16/2014,Outros,Táxi,"-34,928,155","-8,067,712"
10/17/2014,Motos e Ciclomotores,Ciclomotor,"-34,926,857","-8,047,204"
10/17/2014,Motos e Ciclomotores,Moto,"-34,927,361","-804,696"
10/17/2014,Motos e Ciclomotores,Ciclomotor,"-34,882,337","-8,070,142"
10/17/2014,Motos e Ciclomotores,Moto,"-34,884,625","-8,042,502"
10/17/2014,Motos e Ciclomotores,Moto,"-34,896,111","-8,054,075"
10/17/2014,Motos e Ciclomotores,Moto,"-349,127","-811,131"
10/17/2014,Motos e Ciclomotores,Moto,"-34,957,925","-8,029,803"
10/17/2014,Outros,Ciclista,"-34,918,292","-8,073,586"
10/17/2014,Outros,Táxi,"-34,957,734","-8,030,085"
10/17/2014,Outros,Táxi,"-34,944,465","-8,118,381"
10/18/2014,Motos e Ciclomotores,Moto,"-34,897,438","-8,056,521"
10/18/2014,Motos e Ciclomotores,Ciclomotor,"-34,896,746","-8,124,048"
10/18/2014,Motos e Ciclomotores,Moto,"-34,924,228","-8,055,384"
10/18/2014,Motos e Ciclomotores,Moto,"-34,914,764","-8,106,842"
10/18/2014,Outros,Táxi,"-34,906,568","-8,025,599"
10/19/2014,Motos e Ciclomotores,Moto,"-34,908,458","-8,091,274"
10/19/2014,Motos e Ciclomotores,Moto,"-34,903,819","-8,061,205"
10/19/2014,Motos e Ciclomotores,Moto,"-34,875,219","-8,067,664"
10/19/2014,Motos e Ciclomotores,Moto,"-34,919,082","-8,075,041"
10/19/2014,Outros,Ciclista,"-34,934,587","-8,032,446"
10/20/2014,Motos e Ciclomotores,Moto,"-34,943,063","-8,093,059"
10/20/2014,Motos e Ciclomotores,Ciclomotor,"-34,936,963","-8,137,045"
10/20/2014,Outros,Pedestre,"-34,913,247","-8,054,072"
10/20/2014,Outros,Ônibus,"-34,905,133","-8,134,106"
10/21/2014,Motos e Ciclomotores,Moto,"-34,948,094","-8,035,588"
10/21/2014,Motos e Ciclomotores,Moto,"-34,935,054","-8,063,657"
10/21/2014,Motos e Ciclomotores,Moto,"-34,928,536","-8,070,091"
10/22/2014,Motos e Ciclomotores,Moto,"-34,888,535","-8,035,714"
10/22/2014,Outros,Táxi,"-34,898,086","-8,056,648"
10/23/2014,Motos e Ciclomotores,Moto,"-34,885,886","-8,095,213"
10/23/2014,Motos e Ciclomotores,Moto,"-34,892,244","-8,038,501"
10/23/2014,Motos e Ciclomotores,Moto,"-34,887,184","-8,040,119"
10/23/2014,Outros,Ciclista,"-34,932,519","-8,038,711"
10/23/2014,Outros,Pedestre,"-34,928,724","-8,017,777"
10/23/2014,Outros,Pedestre,"-34,955,851","-8,035,952"
10/23/2014,Outros,Ônibus,"-34,914,164","-805,417"
10/23/2014,Outros,Táxi,"-34,885,712","-8,088,256"
10/24/2014,Motos e Ciclomotores,Moto,"-34,912,579","-8,024,045"
10/24/2014,Motos e Ciclomotores,Moto,"-34,888,941","-8,109,568"
10/24/2014,Motos e Ciclomotores,Moto,"-34,876,946","-8,042,227"
10/24/2014,Motos e Ciclomotores,Moto,"-34,932,122","-8,061,322"
10/24/2014,Outros,Ciclista,"-34,889,713","-8,085,388"
10/24/2014,Outros,Táxi,"-34,935,316","-803,673"
10/25/2014,Motos e Ciclomotores,Ciclomotor,"-34,878,931","-8,039,548"
10/25/2014,Motos e Ciclomotores,Moto,"-34,888,018","-803,963"
10/25/2014,Outros,Pedestre,"-34,933,039","-8,082,708"
10/26/2014,Motos e Ciclomotores,Moto,"-34,900,137","-8,021,958"
10/26/2014,Motos e Ciclomotores,Moto,"-34,937,693","-8,092,303"
10/26/2014,Motos e Ciclomotores,Ciclomotor,"-34,928,938","-8,053,504"
10/26/2014,Motos e Ciclomotores,Moto,"-34,935,815","-8,082,615"
10/26/2014,Motos e Ciclomotores,Moto,"-34,907,201","-8,114,295"
10/26/2014,Outros,Pedestre,"-34,894,584","-8,019,772"
10/26/2014,Outros,Pedestre,"-34,935,064","-8,054,773"
10/27/2014,Motos e Ciclomotores,Moto,"-34,893,081","-8,027,044"
10/27/2014,Motos e Ciclomotores,Moto,"-34,896,821","-8,048,038"
10/27/2014,Motos e Ciclomotores,Moto,"-34,887,581","-81,008"
10/27/2014,Motos e Ciclomotores,Moto,"-3,496,098","-8,091,867"
10/27/2014,Motos e Ciclomotores,Moto,"-34,913,379","-8,116,897"
10/27/2014,Motos e Ciclomotores,Moto,"-34,912,405","-8,114,284"
10/27/2014,Motos e Ciclomotores,Ciclomotor,"-34,914,036","-8,047,273"
10/27/2014,Motos e Ciclomotores,Moto,"-34,890,062","-8,025,923"
10/27/2014,Outros,Pedestre,"-34,900,147","-8,055,865"
10/28/2014,Motos e Ciclomotores,Ciclomotor,"-34,890,196","-8,007,631"
10/28/2014,Motos e Ciclomotores,Moto,"-3,493,136","-804,819"
10/28/2014,Motos e Ciclomotores,Moto,"-34,908,138","-8,034,833"
10/28/2014,Motos e Ciclomotores,Moto,"-34,895,805","-8,055,421"
10/28/2014,Motos e Ciclomotores,Ciclomotor,"-34,905,911","-8,061,386"
10/28/2014,Outros,Pedestre,"-34,929,788","-8,089,121"
10/28/2014,Outros,Pedestre,"-34,894,794","-8,116,148"
10/28/2014,Outros,Táxi,"-34,929,697","-8,089,735"
10/29/2014,Motos e Ciclomotores,Moto,"-34,902,749","-8,061,439"
10/29/2014,Motos e Ciclomotores,Moto,"-34,901,859","-8,028,637"
10/29/2014,Motos e Ciclomotores,Moto,"-34,894,783","-8,118,304"
10/29/2014,Motos e Ciclomotores,Ciclomotor,"-34,932,452","-8,062,592"
10/29/2014,Motos e Ciclomotores,Moto,"-34,904,238","-8,046,336"
10/29/2014,Motos e Ciclomotores,Ciclomotor,"-34,897,605","-806,367"
10/29/2014,Motos e Ciclomotores,Ciclomotor,"-34,901,419","-8,062,427"
10/29/2014,Outros,Caminhão,"-34,893,305","-8,027,798"
10/30/2014,Motos e Ciclomotores,Moto,"-34,891,343","-8,035,829"
10/30/2014,Motos e Ciclomotores,Moto,"-34,877,389","-804,722"
10/30/2014,Motos e Ciclomotores,Moto,"-34,924,561","-8,115,381"
10/30/2014,Motos e Ciclomotores,Ciclomotor,"-34,909,691","-8,086,429"
10/30/2014,Motos e Ciclomotores,Moto,"-34,892,095","-807,899"
10/30/2014,Outros,Pedestre,"-34,956,432","-8,030,816"
10/30/2014,Outros,Pedestre,"-34,909,629","-8,125,099"
10/30/2014,Outros,Táxi,"-34,870,477","-8,060,887"
10/31/2014,Motos e Ciclomotores,Moto,"-34,883,823","-8,041,824"
10/31/2014,Motos e Ciclomotores,Moto,"-34,912,271","-8,111,469"
10/31/2014,Motos e Ciclomotores,Ciclomotor,"-34,925,725","-8,060,478"
10/31/2014,Motos e Ciclomotores,Moto,"-34,886,935","-8,085,265"
10/31/2014,Outros,Ciclista,"-34,889,402","-805,105"
10/31/2014,Outros,Pedestre,"-34,899,045","-8,030,571"
10/31/2014,Outros,Táxi,"-3,490,666","-8,122,983"
10/31/2014,Outros,Ônibus,"-34,906,043","-80,827"
11/1/2014,Motocicletas,Moto,"-34,954,628","-8,031,981"
11/1/2014,Motocicletas,Moto,"-34,915,302","-8,127,412"
11/1/2014,Motocicletas,Moto,"-34,931,065","-8,086,845"
11/1/2014,Motocicletas,Moto,"-34,882,262","-8,055,078"
11/1/2014,Motocicletas,Moto,"-3,489,195","-8,036,592"
11/1/2014,Motocicletas,Moto,"-34,909,379","-8,071,507"
11/1/2014,Motocicletas,Moto,"-34,878,832","-8,039,524"
11/1/2014,Pedestres,Pedestre,"-34,916,128","-8,132,202"
11/1/2014,Outros,Táxi,"-34,906,987","-8,114,714"
11/2/2014,Motocicletas,Moto,"-34,895,633","-8,117,848"
11/2/2014,Motocicletas,Moto,"-34,887,825","-8,086,075"
11/2/2014,Ciclomotores,Ciclomotor,"-34,896,052","-8,053,252"
11/2/2014,Pedestres,Pedestre,"-34,928,257","-8,060,908"
11/2/2014,Outros,Táxi,"-3,489,555","-8,063,582"
11/2/2014,Outros,Táxi,"-34,889,339","-8,104,802"
11/2/2014,Outros,Táxi,"-34,885,207","-8,086,936"
11/3/2014,Ciclomotores,Ciclomotor,"-34,885,865","-8,095,621"
11/3/2014,Ciclomotores,Ciclomotor,"-34,909,755","-8,018,882"
11/3/2014,Pedestres,Pedestre,"-34,907,572","-8,061,668"
11/3/2014,Outros,Táxi,"-34,908,481","-8,052,513"
11/4/2014,Motocicletas,Moto,"-34,892,162","-8,031,699"
11/4/2014,Motocicletas,Moto,"-34,940,633","-8,039,518"
11/4/2014,Motocicletas,Moto,"-34,886,865","-8,006,749"
11/4/2014,Motocicletas,Moto,"-34,888,005","-8,101,913"
11/4/2014,Motocicletas,Moto,"-34,908,513","-8,052,718"
11/4/2014,Ciclistas,Ciclista,"-34,887,526","-8,086,402"
11/5/2014,Motocicletas,Moto,"-34,879,387","-8,050,941"
11/5/2014,Motocicletas,Moto,"-34,929,088","-8,094,095"
11/5/2014,Motocicletas,Moto,"-34,933,836","-8,079,544"
11/5/2014,Motocicletas,Acidente com morte,"-3,487,813","-8,054,044"
11/6/2014,Motocicletas,Moto,"-3,488,999","-8,111,857"
11/6/2014,Motocicletas,Moto,"-34,926,398","-8,109,329"
11/6/2014,Motocicletas,Moto,"-34,911,348","-805,387"
11/6/2014,Outros,Táxi,"-34,908,441","-8,052,315"
11/6/2014,Outros,Táxi,"-34,955,664","-8,084,787"
11/7/2014,Motocicletas,Moto,"-3,491,023","-8,062,201"
11/7/2014,Motocicletas,Moto,"-34,890,816","-8,045,717"
11/7/2014,Motocicletas,Moto,"-34,892,516","-8,067,895"
11/7/2014,Motocicletas,Moto,"-34,906,842","-8,054,088"
11/7/2014,Ciclomotores,Ciclomotor,"-34,923,708","-8,055,538"
11/7/2014,Ciclistas,Ciclista,"-34,919,168","-8,048,433"
11/7/2014,Pedestres,Pedestre,"-34,933,192","-8,079,285"
11/7/2014,Pedestres,Pedestre,"-3,490,721","-8,058,746"
11/8/2014,Motocicletas,Moto,"-34,929,791","-8,039,184"
11/8/2014,Motocicletas,Moto,"-34,926,025","-810,559"
11/8/2014,Pedestres,Pedestre,"-34,897,419","-8,002,622"
11/9/2014,Motocicletas,Moto,"-34,876,217","-80,318"
11/9/2014,Motocicletas,Moto,"-34,897,921","-8,026,781"
11/9/2014,Motocicletas,Moto,"-34,946,496","-8,091,888"
11/9/2014,Ciclistas,Ciclista,"-34,879,895","-8,055,055"
11/10/2014,Motocicletas,Moto,"-34,913,124","-8,014,377"
11/10/2014,Motocicletas,Moto,"-34,873,829","-8,049,961"
11/10/2014,Motocicletas,Moto,"-34,909,959","-8,036,379"
11/10/2014,Outros,Táxi,"-34,895,465","-8,066,035"
11/11/2014,Motocicletas,Moto,"-34,891,615","-8,078,709"
11/11/2014,Motocicletas,Moto,"-34,904,554","-8,026,842"
11/11/2014,Motocicletas,Moto,"-34,911,831","-809,602"
11/11/2014,Motocicletas,Moto,"-34,912,394","-8,108,708"
11/11/2014,Ciclomotores,Ciclomotor,"-34,910,592","-8,102,707"
11/12/2014,Motocicletas,Moto,"-34,903,092","-8,061,429"
11/12/2014,Motocicletas,Moto,"-34,894,035","-8,019,198"
11/12/2014,Motocicletas,Moto,"-34,891,505","-8,088,064"
11/12/2014,Motocicletas,Moto,"-34,919,958","-8,111,342"
11/12/2014,Ciclomotores,Ciclomotor,"-34,880,817","-8,034,658"
11/12/2014,Pedestres,Pedestre,"-34,886,959","-805,924"
11/12/2014,Pedestres,Pedestre,"-34,893,741","-804,524"
11/13/2014,Motocicletas,Moto,"-34,894,989","-8,061,267"
11/13/2014,Motocicletas,Moto,"-34,943,773","-8,058,474"
11/13/2014,Motocicletas,Moto,"-34,872,877","-8,062,229"
11/13/2014,Motocicletas,Moto,"-34,941,024","-8,040,751"
11/13/2014,Motocicletas,Moto,"-34,897,961","-8,113,403"
11/13/2014,Pedestres,Pedestre,"-34,895,641","-8,118,586"
11/14/2014,Motocicletas,Moto,"-34,897,546","-8,064,015"
11/14/2014,Motocicletas,Moto,"-34,892,498","-8,030,095"
11/14/2014,Motocicletas,Moto,"-34,943,379","-8,040,623"
11/14/2014,Pedestres,Pedestre,"-34,885,277","-8,060,103"
11/14/2014,Pedestres,Pedestre,"-34,878,443","-8,063,813"
11/15/2014,Motocicletas,Moto,"-34,949,739","-8,126,807"
11/15/2014,Motocicletas,Moto,"-3,493,081","-8,021,501"
11/15/2014,Ciclomotores,Ciclomotor,"-34,893,509","-8,079,338"
11/15/2014,Ciclomotores,Ciclomotor,"-34,952,818","-8,046,378"
11/15/2014,Pedestres,Pedestre,"-34,946,579","-8,126,671"
11/16/2014,Motocicletas,Moto,"-34,951,466","-8,088,503"
11/16/2014,Motocicletas,Moto,"-34,918,311","-8,073,544"
11/16/2014,Pedestres,Pedestre,"-34,913,711","-802,753"
11/16/2014,Outros,Táxi,"-34,949,458","-8,034,697"
11/16/2014,Outros,Táxi,"-34,955,511","-8,084,854"
11/17/2014,Motocicletas,Moto,"-34,903,462","-8,061,344"
11/17/2014,Motocicletas,Moto,"-34,885,293","-8,097,783"
11/17/2014,Motocicletas,Moto,"-34,947,119","-8,092,453"
11/17/2014,Motocicletas,Moto,"-34,949,241","-8,091,657"
11/17/2014,Motocicletas,Moto,"-34,906,567","-8,025,582"
11/17/2014,Motocicletas,Moto,"-34,901,665","-8,061,653"
11/17/2014,Motocicletas,Moto,"-34,895,303","-8,071,483"
11/17/2014,Motocicletas,Moto,"-34,887,541","-8,049,524"
11/17/2014,Motocicletas,Moto,"-34,909,225","-8,047,288"
11/17/2014,Outros,Táxi,"-3,488,135","-8,032,167"
11/18/2014,Motocicletas,Moto,"-34,926,642","-8,047,305"
11/18/2014,Motocicletas,Moto,"-3,490,423","-8,039,611"
11/18/2014,Motocicletas,Moto,"-34,888,671","-8,053,514"
11/19/2014,Motocicletas,Moto,"-34,944,087","-8,049,156"
11/19/2014,Motocicletas,Moto,"-34,914,122","-8,080,687"
11/19/2014,Motocicletas,Moto,"-34,904,597","-8,064,666"
11/19/2014,Ciclomotores,Ciclomotor,"-34,909,798","-8,097,162"
11/20/2014,Motocicletas,Moto,"-34,901,384","-8,127,951"
11/20/2014,Motocicletas,Moto,"-34,897,395","-805,063"
11/20/2014,Motocicletas,Moto,"-34,879,972","-8,036,821"
11/20/2014,Motocicletas,Moto,"-34,965,599","-8,039,508"
11/20/2014,Ciclistas,Ciclista,"-34,908,307","-8,114,125"
11/20/2014,Outros,Táxi,"-34,930,537","-8,023,365"
11/21/2014,Motocicletas,Moto,"-34,892,055","-8,032,191"
11/21/2014,Motocicletas,Moto,"-34,892,693","-8,048,784"
11/21/2014,Motocicletas,Moto,"-34,921,699","-8,020,815"
11/21/2014,Motocicletas,Moto,"-34,915,715","-8,047,571"
11/21/2014,Ciclomotores,Ciclomotor,"-34,904,305","-805,821"
11/21/2014,Pedestres,Pedestre,"-34,927,211","-8,047,082"
11/21/2014,Pedestres,Pedestre,"-34,917,445","-8,052,558"
11/22/2014,Motocicletas,Moto,"-34,949,548","-8,091,501"
11/22/2014,Motocicletas,Moto,"-34,928,825","-8,096,041"
11/22/2014,Motocicletas,Moto,"-3,489,717","-8,023,867"
11/22/2014,Ciclomotores,Ciclomotor,"-34,905,045","-8,026,499"
11/22/2014,Ciclomotores,Ciclomotor,"-34,909,433","-8,080,321"
11/22/2014,Pedestres,Pedestre,"-34,927,504","-8,046,908"
11/23/2014,Motocicletas,Moto,"-3,488,683","-8,085,159"
11/23/2014,Motocicletas,Moto,"-34,885,052","-8,037,487"
11/23/2014,Motocicletas,Moto,"-34,934,512","-8,031,933"
11/23/2014,Motocicletas,Moto,"-3,490,689","-8,080,249"
11/23/2014,Motocicletas,Moto,"-34,902,394","-8,136,214"
11/24/2014,Motocicletas,Moto,"-34,928,756","-8,096,132"
11/24/2014,Motocicletas,Moto,"-34,880,178","-8,062,257"
11/24/2014,Motocicletas,Moto,"-34,933,046","-8,051,213"
11/24/2014,Motocicletas,Moto,"-34,908,065","-8,043,037"
11/24/2014,Motocicletas,Moto,"-34,888,152","-8,040,767"
11/24/2014,Motocicletas,Moto,"-34,924,593","-8,107,072"
11/24/2014,Motocicletas,Moto,"-34,956,956","-8,026,876"
11/24/2014,Ciclistas,Ciclista,"-34,877,575","-803,855"
11/24/2014,Pedestres,Pedestre,"-34,897,503","-8,118,904"
11/24/2014,Outros,Táxi,"-34,897,857","-8,026,605"
11/25/2014,Motocicletas,Moto,"-34,926,265","-80,285"
11/25/2014,Motocicletas,Moto,"-34,918,612","-8,121,347"
11/25/2014,Motocicletas,Moto,"-34,897,183","-8,062,074"
11/25/2014,Ciclomotores,Ciclomotor,"-34,940,879","-8,039,396"
11/25/2014,Ciclomotores,Ciclomotor,"-34,895,541","-8,115,757"
11/26/2014,Motocicletas,Moto,"-34,921,052","-805,046"
11/26/2014,Pedestres,Pedestre,"-34,871,432","-8,062,726"
11/27/2014,Motocicletas,Moto,"-34,890,529","-8,074,696"
11/27/2014,Motocicletas,Moto,"-34,919,843","-8,036,801"
11/27/2014,Motocicletas,Moto,"-34,902,057","-8,124,372"
11/27/2014,Motocicletas,Moto,"-34,890,969","-8,085,871"
11/27/2014,Ciclistas,Ciclista,"-3,489,632","-8,053,599"
11/27/2014,Pedestres,Pedestre,"-3,490,081","-8,119,586"
11/28/2014,Motocicletas,Moto,"-34,893,182","-8,117,011"
11/28/2014,Motocicletas,Moto,"-34,885,105","-8,097,226"
11/28/2014,Motocicletas,Moto,"-34,920,205","-8,035,643"
11/28/2014,Motocicletas,Moto,"-34,882,744","-8,087,108"
11/28/2014,Motocicletas,Moto,"-34,890,057","-8,025,923"
11/28/2014,Motocicletas,Moto,"-34,890,384","-8,029,745"
11/28/2014,Motocicletas,Moto,"-34,908,548","-8,052,885"
11/28/2014,Pedestres,Pedestre,"-3,492,658","-8,047,515"
11/29/2014,Motocicletas,Moto,"-34,894,147","-8,115,376"
11/29/2014,Motocicletas,Moto,"-34,880,004","-8,045,223"
11/29/2014,Motocicletas,Moto,"-34,887,249","-800,812"
11/29/2014,Motocicletas,Moto,"-3,497,077","-8,079,752"
11/29/2014,Motocicletas,Moto,"-34,924,848","-8,083,144"
11/29/2014,Ciclomotores,Ciclomotor,"-34,894,595","-8,019,695"
11/29/2014,Outros,Táxi,"-34,910,812","-8,140,226"
11/30/2014,Motocicletas,Moto,"-34,928,241","-8,011,291"
11/30/2014,Motocicletas,Moto,"-34,913,682","-8,109,717"
11/30/2014,Ciclomotores,Ciclomotor,"-34,889,956","-8,049,053"
12/1/2014,Motocicletas,Moto,"-34,900,394","-8,128,331"
12/1/2014,Motocicletas,Moto,"-34,943,352","-8,119,844"
12/1/2014,Motocicletas,Moto,"-34,956,812","-8,090,789"
12/1/2014,Motocicletas,Moto,"-34,871,013","-8,054,014"
12/1/2014,Motocicletas,Moto,"-34,929,818","-8,088,537"
12/1/2014,Automveis,Táxi,"-3,492,801","-8,101,684"
12/2/2014,Motocicletas,Moto,"-34,945,691","-8,135,309"
12/2/2014,Motocicletas,Moto,"-34,888,831","-8,085,021"
12/2/2014,Motocicletas,Moto,"-34,929,711","-8,014,484"
12/2/2014,Motocicletas,Moto,"-34,935,976","-8,138,458"
12/2/2014,Motocicletas,Moto,"-34,947,064","-8,042,913"
12/2/2014,Motocicletas,Moto,"-3,488,031","-8,032,077"
12/2/2014,Automveis,Táxi,"-34,899,064","-8,121,634"
12/3/2014,Motocicletas,Moto,"-34,956,425","-8,030,781"
12/3/2014,Motocicletas,Moto,"-34,881,589","-8,053,963"
12/3/2014,Motocicletas,Moto,"-34,905,565","-8,060,387"
12/3/2014,Motocicletas,Moto,"-34,925,457","-8,109,175"
12/3/2014,Motocicletas,Moto,"-34,910,088","-8,036,576"
12/3/2014,Automveis,Táxi,"-3,488,499","-8,089,028"
12/4/2014,Motocicletas,Moto,"-34,934,581","-8,090,268"
12/4/2014,Motocicletas,Moto,"-34,933,055","-8,051,199"
12/4/2014,Motocicletas,Moto,"-34,911,501","-814,205"
12/4/2014,Motocicletas,Moto,"-34,900,493","-8,030,523"
12/4/2014,Ciclomotores,Ciclomotor,"-34,929,029","-8,021,873"
12/5/2014,Motocicletas,Moto,"-34,945,396","-8,037,038"
12/5/2014,Motocicletas,Moto,"-34,887,428","-8,102,558"
12/5/2014,Motocicletas,Moto,"-34,930,692","-8,086,434"
12/5/2014,Motocicletas,Moto,"-34,881,066","-804,057"
12/5/2014,Motocicletas,Moto,"-34,894,917","-8,051,621"
12/5/2014,Motocicletas,Moto,"-34,911,388","-8,061,583"
12/5/2014,Automveis,Táxi,"-3,489,651","-8,117,433"
12/5/2014,Pedestres,Pedestre,"-34,909,371","-806,213"
12/5/2014,Pedestres,Pedestre,"-34,909,201","-8,077,025"
12/6/2014,Motocicletas,Moto,"-34,916,611","-8,053,018"
12/6/2014,Motocicletas,Moto,"-34,889,034","-8,057,996"
12/6/2014,Automveis,Táxi,"-34,897,524","-8,119,096"
12/6/2014,Automveis,Táxi,"-34,907,352","-8,114,932"
12/6/2014,Pedestres,Pedestre,"-34,918,467","-801,382"
12/7/2014,Motocicletas,Moto,"-34,908,907","-815,065"
12/7/2014,Motocicletas,Moto,"-34,886,747","-8,040,419"
12/7/2014,Motocicletas,Moto,"-3,490,917","-8,077,017"
12/7/2014,Motocicletas,Moto,"-34,902,867","-8,128,851"
12/7/2014,Outros,Ônibus,"-3,488,802","-8,085,847"
12/7/2014,Ciclomotores,Ciclomotor,"-34,931,341","-8,048,144"
12/8/2014,Motocicletas,Moto,"-34,924,319","-8,060,889"
12/8/2014,Motocicletas,Moto,"-34,908,077","-8,126,479"
12/8/2014,Motocicletas,Moto,"-34,964,113","-8,038,557"
12/8/2014,Motocicletas,Moto,"-34,906,327","-8,081,826"
12/8/2014,Ciclomotores,Ciclomotor,"-34,921,192","-8,045,818"
12/8/2014,Automveis,Táxi,"-34,916,013","-8,131,321"
12/8/2014,Automveis,Táxi,"-34,914,666","-8,080,698"
12/9/2014,Motocicletas,Moto,"-34,897,264","-8,077,771"
12/9/2014,Outros,Ônibus,"-34,891,342","-8,037,659"
12/9/2014,Pedestres,Pedestre,"-34,898,153","-8,057,465"
12/9/2014,Pedestres,Pedestre,"-34,889,225","-8,044,973"
12/9/2014,Pedestres,Pedestre,"-3,490,615","-8,025,838"
12/9/2014,Pedestres,Pedestre,"-34,906,874","-8,030,163"
12/10/2014,Motocicletas,Moto,"-34,902,838","-80,615"
12/10/2014,Motocicletas,Moto,"-34,888,394","-8,085,451"
12/10/2014,Motocicletas,Moto,"-34,903,586","-8,045,483"
12/10/2014,Motocicletas,Moto,"-34,882,091","-8,050,115"
12/11/2014,Motocicletas,Moto,"-3,489,195","-8,016,987"
12/11/2014,Motocicletas,Moto,"-34,878,043","-8,049,039"
12/11/2014,Motocicletas,Moto,"-34,882,328","-807,015"
12/11/2014,Motocicletas,Moto,"-34,897,814","-8,077,976"
12/11/2014,Motocicletas,Moto,"-34,898,275","-8,043,954"
12/11/2014,Motocicletas,Moto,"-34,905,383","-807,834"
12/11/2014,Motocicletas,Moto,"-34,881,248","-8,048,962"
12/12/2014,Motocicletas,Moto,"-349,007","-8,067,576"
12/12/2014,Motocicletas,Moto,"-34,964,461","-8,093,774"
12/12/2014,Motocicletas,Moto,"-34,922,552","-8,081,672"
12/12/2014,Ciclomotores,Ciclomotor,"-34,885,405","-8,072,934"
12/12/2014,Pedestres,Pedestre,"-3,487,078","-8,038,977"
12/13/2014,Motocicletas,Moto,"-34,958,898","-8,029,192"
12/13/2014,Motocicletas,Moto,"-3,490,781","-8,087,892"
12/13/2014,Motocicletas,Moto,"-34,884,985","-8,073,329"
12/13/2014,Motocicletas,Moto,"-3,488,918","-803,614"
12/13/2014,Motocicletas,Moto,"-34,883,788","-8,060,109"
12/13/2014,Motocicletas,Moto,"-34,900,185","-8,124,705"
12/13/2014,Motocicletas,Moto,"-34,922,305","-8,055,899"
12/13/2014,Outros,Caminhão,"-34,879,996","-8,062,937"
12/13/2014,Ciclomotores,Ciclomotor,"-34,905,587","-8,033,836"
12/13/2014,Pedestres,Pedestre,"-34,897,326","-8,062,422"
12/13/2014,Pedestres,Pedestre,"-34,938,664","-8,119,977"
12/14/2014,Motocicletas,Moto,"-34,925,736","-8,060,491"
12/14/2014,Motocicletas,Moto,"-34,957,775","-8,030,217"
12/14/2014,Motocicletas,Moto,"-34,942,612","-8,118,769"
12/14/2014,Motocicletas,Moto,"-34,915,983","-8,131,806"
12/14/2014,Motocicletas,Moto,"-34,889,861","-8,027,593"
12/14/2014,Motocicletas,Moto,"-34,908,103","-8,071,144"
12/14/2014,Motocicletas,Moto,"-34,903,994","-8,058,443"
12/14/2014,Motocicletas,Moto,"-34,955,704","-8,022,467"
12/14/2014,Ciclomotores,Ciclomotor,"-34,931,738","-802,192"
12/14/2014,Ciclomotores,Ciclomotor,"-34,878,278","-8,062,679"
12/14/2014,Automveis,Táxi,"-3,491,355","-8,134,794"
